Step;Heat 1;Heat 2;Heat 3;Heat 4;Heat 5;Heat 6;Heat 7;Heat 8
0;7796;7891;7899;7911;7914;7923;7924;7915
1;7786;7871;7891;7900;7906;7919;7917;7908
2;7744;7853;7883;7898;7894;7913;7911;7904
3;7727;7839;7874;7888;7888;7908;7905;7899
4;7681;7824;7865;7886;7877;7903;7901;7895
5;7678;7796;7858;7884;7876;7899;7895;7891
6;7668;7788;7849;7879;7869;7891;7889;7886
7;7644;7780;7841;7874;7866;7888;7883;7882
8;7632;7767;7833;7873;7852;7884;7877;7875
9;7628;7756;7801;7869;7848;7878;7871;7867
10;7618;7748;7794;7861;7839;7873;7866;7861
11;7597;7736;7762;7854;7837;7863;7862;7857
12;7588;7726;7749;7845;7836;7863;7856;7852
13;7584;7714;7746;7805;7833;7857;7852;7848
14;7527;7707;7743;7805;7831;7853;7847;7842
15;7511;7699;7737;7785;7823;7847;7843;7839
16;7503;7694;7733;7783;7821;7841;7839;7835
17;7487;7684;7731;7780;7813;7832;7833;7832
18;7470;7674;7719;7769;7811;7828;7830;7827
19;7460;7648;7713;7766;7809;7825;7827;7822
20;7401;7646;7709;7754;7807;7822;7824;7818
21;7385;7641;7703;7750;7798;7820;7821;7814
22;7365;7634;7702;7744;7782;7815;7816;7810
23;7362;7627;7701;7742;7775;7811;7813;7805
24;7360;7625;7697;7734;7768;7805;7811;7800
25;7352;7617;7633;7733;7767;7800;7808;7796
26;7337;7591;7563;7726;7759;7796;7804;7792
27;7320;7584;7560;7724;7757;7789;7800;7787
28;7307;7568;7559;7717;7754;7785;7794;7783
29;7292;7554;7559;7704;7749;7781;7786;7778
30;7280;7551;7552;7692;7742;7777;7781;7773
31;7276;7548;7540;7691;7741;7770;7778;7770
32;7272;7544;7531;7665;7738;7764;7771;7766
33;7259;7537;7527;7653;7726;7762;7765;7762
34;7243;7537;7522;7653;7723;7756;7761;7756
35;7232;7525;7514;7651;7722;7752;7756;7752
36;7228;7523;7512;7639;7718;7748;7751;7746
37;7223;7512;7508;7622;7712;7746;7744;7740
38;7210;7498;7497;7613;7705;7744;7738;7737
39;7195;7495;7485;7594;7699;7739;7734;7730
40;7183;7492;7472;7591;7696;7736;7728;7726
41;7117;7487;7459;7589;7689;7727;7724;7723
42;7101;7484;7457;7587;7685;7722;7720;7717
43;7084;7482;7454;7579;7682;7717;7716;7710
44;7071;7453;7451;7574;7678;7714;7709;7706
45;7055;7433;7450;7491;7674;7708;7705;7701
46;7041;7428;7441;7490;7669;7704;7702;7697
47;7028;7425;7439;7489;7662;7698;7699;7692
48;7012;7425;7438;7486;7658;7695;7695;7688
49;7001;7409;7436;7483;7653;7689;7690;7682
50;6988;7402;7430;7479;7650;7684;7686;7678
51;6946;7395;7420;7477;7645;7681;7679;7674
52;6933;7378;7418;7472;7640;7677;7674;7666
53;6923;7350;7412;7464;7632;7670;7670;7662
54;6912;7348;7404;7459;7628;7667;7663;7658
55;6894;7328;7382;7452;7618;7664;7657;7655
56;6867;7326;7355;7438;7615;7661;7653;7648
57;6861;7322;7355;7436;7612;7659;7649;7644
58;6856;7322;7354;7417;7605;7653;7644;7639
59;6826;7318;7353;7414;7598;7650;7640;7636
60;6821;7303;7346;7407;7592;7646;7635;7633
61;6818;7299;7344;7406;7591;7641;7631;7630
62;6813;7286;7343;7400;7587;7637;7627;7627
63;6807;7283;7330;7399;7583;7634;7624;7623
64;6803;7278;7330;7396;7573;7626;7619;7619
65;6798;7276;7319;7394;7570;7626;7613;7614
66;6789;7263;7318;7392;7564;7622;7608;7609
67;6753;7262;7313;7379;7558;7618;7605;7605
68;6723;7260;7306;7374;7556;7610;7601;7600
69;6719;7258;7305;7363;7554;7604;7594;7593
70;6696;7247;7300;7357;7549;7600;7590;7590
71;6688;7240;7293;7351;7537;7595;7587;7585
72;6673;7226;7287;7348;7534;7585;7582;7579
73;6670;7224;7285;7320;7533;7578;7577;7576
74;6669;7223;7281;7316;7518;7576;7573;7573
75;6667;7208;7272;7312;7518;7571;7567;7566
76;6657;7203;7260;7285;7510;7566;7561;7561
77;6652;7199;7249;7284;7508;7559;7554;7558
78;6648;7197;7245;7279;7504;7556;7551;7555
79;6644;7182;7237;7268;7499;7551;7544;7550
80;6640;7179;7212;7267;7489;7546;7541;7545
81;6636;7177;7209;7266;7489;7543;7536;7540
82;6632;7162;7205;7263;7487;7539;7531;7536
83;6629;7158;7200;7247;7481;7532;7524;7529
84;6624;7156;7190;7247;7480;7528;7521;7526
85;6613;7122;7189;7245;7478;7525;7518;7520
86;6603;7118;7179;7244;7473;7521;7516;7516
87;6599;7105;7175;7224;7472;7516;7513;7512
88;6595;7072;7171;7221;7469;7513;7510;7508
89;6591;7072;7167;7219;7460;7507;7506;7505
90;6587;7053;7162;7190;7456;7504;7502;7501
91;6578;7007;7161;7180;7445;7500;7499;7497
92;6574;6989;7154;7178;7441;7495;7495;7494
93;6547;6975;7151;7176;7434;7490;7492;7490
94;6544;6965;7147;7172;7426;7485;7484;7487
95;6542;6949;7145;7170;7418;7479;7480;7482
96;6533;6945;7144;7148;7415;7473;7476;7477
97;6529;6938;7133;7146;7407;7469;7472;7473
98;6502;6938;7126;7133;7402;7464;7470;7469
99;6500;6929;7118;7105;7394;7460;7463;7465
100;6498;6917;7112;7091;7389;7453;7460;7460
101;6488;6907;7111;7090;7386;7448;7457;7452
102;6484;6906;7109;7085;7375;7445;7453;7449
103;6458;6900;7101;7084;7364;7440;7450;7444
104;6455;6888;7097;7081;7360;7436;7445;7437
105;6453;6887;7094;7067;7338;7431;7441;7432
106;6417;6878;7090;7064;7337;7425;7435;7428
107;6397;6868;7094;7063;7336;7420;7432;7423
108;6386;6827;7089;7061;7335;7417;7426;7419
109;6371;6827;7086;7052;7332;7414;7421;7414
110;6368;6821;7079;7002;7331;7411;7417;7410
111;6365;6786;7067;6990;7323;7409;7414;7405
112;6364;6777;7057;6988;7322;7405;7411;7401
113;6363;6775;7033;6981;7310;7402;7404;7397
114;6342;6765;7038;6979;7308;7397;7400;7394
115;6338;6760;7017;6978;7301;7395;7396;7391
116;6334;6759;6972;6977;7291;7390;7393;7386
117;6330;6751;6969;6976;7287;7384;7390;7382
118;6326;6750;6964;6967;7285;7380;7388;7379
119;6322;6750;6954;6962;7281;7376;7383;7374
120;6318;6748;6953;6903;7280;7370;7379;7370
121;6314;6748;6933;6884;7275;7366;7375;7367
122;6309;6739;6932;6883;7266;7363;7370;7364
123;6305;6736;6931;6832;7265;7353;7367;7359
124;6302;6732;6929;6831;7257;7351;7362;7354
125;6298;6727;6928;6793;7253;7348;7360;7349
126;6296;6724;6923;6793;7250;7342;7356;7345
127;6294;6720;6921;6792;7249;7333;7353;7340
128;6279;6718;6921;6788;7248;7331;7350;7337
129;6276;6716;6907;6788;7245;7327;7347;7331
130;6273;6695;6900;6787;7241;7317;7342;7326
131;6271;6689;6892;6786;7231;7314;7339;7320
132;6270;6686;6877;6784;7219;7309;7334;7315
133;6250;6682;6872;6782;7215;7305;7330;7312
134;6246;6681;6827;6769;7214;7299;7326;7308
135;6241;6649;6806;6766;7211;7294;7323;7305
136;6237;6639;6805;6764;7209;7288;7317;7300
137;6233;6604;6804;6763;7206;7284;7314;7293
138;6229;6604;6799;6758;7196;7279;7311;7290
139;6225;6603;6789;6872;7194;7274;7306;7285
140;6221;6594;6786;6855;7192;7271;7302;7282
141;6136;6593;6774;6847;7172;7269;7299;7279
142;6132;6582;6772;6840;7166;7266;7295;7276
143;6127;6578;6752;6836;7154;7260;7289;7273
144;6124;6561;6748;6835;7150;7252;7285;7269
145;6120;6561;6745;6831;7146;7252;7281;7261
146;6117;6556;6745;6827;7139;7246;7276;7258
147;6112;6551;6742;6826;7137;7241;7270;7252
148;6089;6536;6735;6825;7132;7234;7264;7249
149;6075;6533;6734;6823;7121;7229;7258;7244
150;6058;6530;6722;6815;7117;7226;7255;7240
151;6052;6530;6722;6804;7116;7220;7251;7234
152;5984;6516;6717;6804;7111;7216;7247;7229
153;5981;6514;6717;6759;7107;7212;7240;7225
154;5977;6512;6695;6757;7102;7210;7238;7220
155;5972;6499;6693;6753;7101;7205;7235;7215
156;5968;6496;6689;6753;7097;7200;7230;7210
157;5951;6493;6681;6749;7097;7196;7226;7204
158;5951;6480;6680;6745;7091;7193;7221;7201
159;5925;6476;6675;6744;7085;7188;7217;7197
160;5907;6439;6671;6751;7083;7185;7211;7194
161;5906;6434;6660;6735;7072;7182;7205;7189
162;5888;6430;6637;6735;7065;7178;7199;7184
163;5872;6423;6612;6725;7062;7175;7195;7181
164;5852;6410;6610;6713;7056;7171;7190;7177
165;5842;6406;6601;6703;7050;7168;7185;7172
166;5839;6403;6600;6701;7046;7165;7179;7167
167;5835;6398;6596;6700;7030;7162;7174;7163
168;5833;6386;6591;6692;7025;7160;7171;7158
169;5831;6379;6583;6688;7022;7156;7169;7154
170;5830;6366;6558;6678;7004;7153;7166;7150
171;5824;6352;6553;6676;7003;7148;7161;7144
172;5817;6344;6537;6674;6997;7145;7154;7137
173;5809;6344;6531;6670;6988;7140;7149;7133
174;5800;6329;6516;6651;6988;7134;7142;7129
175;5796;6300;6514;6651;6981;7132;7134;7124
176;5793;6300;6511;6648;6974;7127;7127;7120
177;5790;6300;6507;6646;6970;7121;7123;7117
178;5789;6262;6501;6639;6968;7117;7119;7113
179;5788;6259;6498;6636;6967;7113;7113;7108
180;5778;6255;6495;6631;6966;7110;7106;7102
181;5774;6254;6493;6626;6961;7107;7102;7100
182;5771;6246;6487;6617;6959;7103;7098;7095
183;5768;6229;6487;6615;6953;7098;7095;7091
184;5758;6224;6483;6610;6945;7094;7091;7085
185;5744;6222;6483;6607;6933;7087;7085;7080
186;5737;6222;6476;6600;6933;7083;7081;7074
187;5730;6216;6471;6598;6932;7078;7076;7070
188;5699;6196;6470;6597;6931;7076;7068;7064
189;5661;6191;6464;6589;6926;7071;7064;7060
190;5659;6188;6460;6589;6923;7069;7059;7056
191;5657;6179;6456;6588;6920;7067;7055;7052
192;5649;6174;6445;6574;6919;7061;7052;7046
193;5622;6168;6445;6571;6910;7058;7047;7042
194;5621;6168;6440;6569;6910;7053;7043;7037
195;5620;6160;6439;6565;6900;7048;7040;7032
196;5614;6160;6434;6555;6898;7043;7037;7027
197;5607;6156;6433;6550;6891;7040;7030;7022
198;5601;6151;6431;6546;6890;7038;7028;7018
199;5566;6093;6417;6506;6887;7033;7025;7013
200;5564;6093;6378;6490;6856;7030;7022;7009
201;5562;6085;6375;6484;6852;7025;7017;7003
202;5554;6082;6374;6482;6851;7022;7013;7000
203;5542;6078;6367;6474;6848;7017;7006;6994
204;5539;6078;6367;6472;6846;7013;7002;6991
205;5535;6077;6366;6457;6845;7007;6996;6986
206;5533;6072;6358;6453;6843;7001;6991;6983
207;5531;6061;6336;6439;6836;6997;6985;6978
208;5530;6059;6330;6433;6835;6993;6981;6973
209;5447;6059;6326;6432;6833;6989;6978;6969
210;5443;6054;6326;6424;6828;6985;6974;6964
211;5441;6047;6321;6423;6823;6983;6971;6961
212;5437;6042;6313;6425;6821;6978;6968;6954
213;5435;6038;6310;6419;6818;6973;6962;6951
214;5423;6034;6306;6415;6812;6969;6960;6947
215;5419;6034;6300;6390;6810;6965;6956;6943
216;5408;6034;6296;6388;6807;6959;6950;6940
217;5374;6031;6291;6379;6805;6955;6945;6937
218;5372;6026;6287;6377;6798;6946;6940;6934
219;5370;6021;6284;6369;6795;6945;6932;6931
220;5327;5987;6275;6367;6791;6941;6928;6928
221;5324;5986;6267;6364;6790;6938;6923;6924
222;5322;5986;6259;6362;6787;6934;6919;6920
223;5313;6002;6255;6354;6781;6928;6916;6917
224;5309;5987;6255;6353;6775;6923;6909;6914
225;5305;5986;6249;6351;6771;6921;6906;6911
226;5262;5979;6241;6346;6768;6916;6902;6908
227;5260;5953;6227;6339;6765;6910;6898;6903
228;5258;5944;6219;6333;6751;6905;6892;6898
229;5248;5900;6217;6332;6807;6903;6887;6895
230;5244;5900;6216;6318;6804;6898;6884;6891
231;5240;5855;6193;6318;6799;6896;6878;6887
232;5197;5854;6193;6314;6793;6891;6873;6884
233;5195;5846;6191;6312;6788;6887;6869;6880
234;5193;5843;6188;6311;6781;6882;6866;6875
235;5156;5833;6187;6307;6779;6879;6860;6868
236;5123;5808;6179;6297;6773;6873;6855;6863
237;5113;5807;6178;6295;6765;6870;6851;6858
238;5103;5804;6158;6295;6761;6865;6845;6854
239;5089;5794;6150;6287;6758;6862;6841;6848
240;5085;5783;6148;6287;6755;6859;6837;6845
241;5081;5779;6141;6279;6752;6857;6832;6841
242;5077;5766;6132;6271;6739;6853;6827;6838
243;5073;5757;6130;6267;6737;6848;6824;6834
244;5069;5751;6127;6259;6732;6844;6818;6831
245;5065;5742;6115;6249;6729;6840;6814;6828
246;5063;5741;6114;6248;6721;6836;6808;6822
247;5050;5740;6109;6245;6702;6833;6803;6819
248;5040;5738;6108;6243;6701;6827;6796;6815
249;5030;5734;6105;6242;6699;6824;6792;6812
250;4998;5733;6090;6236;6695;6820;6789;6807
251;4985;5732;6084;6231;6693;6816;6784;6803
252;4973;5726;6080;6227;6687;6812;6781;6797
253;4956;5725;6063;6226;6682;6807;6777;6793
254;4946;5725;6022;6223;6671;6805;6773;6789
255;4936;5724;6018;6218;6669;6800;6771;6786
256;4926;5722;6014;6207;6667;6796;6767;6780
257;4915;5720;6002;6205;6653;6791;6764;6777
258;4906;5719;5960;6181;6653;6788;6761;6774
259;4890;5718;5941;6179;6633;6786;6756;6769
260;4886;5707;5940;6163;6629;6783;6753;6763
261;4882;5698;5940;6159;6621;6776;6750;6758
262;4878;5693;5933;6156;6617;6773;6746;6755
263;4873;5691;5931;6152;6616;6769;6741;6749
264;4871;5680;5923;6144;6613;6765;6735;6743
265;4868;5640;5922;6141;6609;6760;6732;6738
266;4862;5639;5922;6133;6607;6755;6729;6734
267;4853;5639;5922;6129;6602;6751;6724;6730
268;4840;5625;5921;6124;6597;6746;6720;6728
269;4825;5585;5921;6115;6586;6743;6714;6723
270;4820;5585;5920;6114;6573;6731;6711;6720
271;4816;5585;5916;6108;6570;6731;6705;6714
272;4812;5570;5904;6095;6566;6726;6700;6710
273;4808;5570;5897;6092;6563;6723;6693;6705
274;4805;5569;5886;6066;6552;6719;6690;6699
275;4803;5563;5875;6064;6550;6713;6685;6694
276;4797;5531;5837;6033;6538;6709;6681;6690
277;4787;5531;5827;6006;6534;6705;6674;6686
278;4775;5531;5825;6005;6526;6701;6670;6681
279;4767;5525;5817;6004;6520;6698;6666;6677
280;4764;5521;5810;6001;6515;6692;6662;6673
281;4758;5514;5809;6000;6512;6687;6657;6669
282;4752;5497;5803;5985;6505;6681;6653;6664
283;4751;5497;5803;5978;6502;6675;6646;6659
284;4737;5493;5799;5973;6496;6671;6640;6656
285;4735;5490;5795;5964;6488;6668;6638;6652
286;4734;5489;5782;5963;6483;6665;6634;6647
287;4733;5487;5782;5960;6483;6662;6628;6643
288;4733;5391;5781;5950;6480;6658;6623;6639
289;4722;5384;5776;5949;6478;6654;6619;6635
290;4709;5375;5779;5921;6468;6648;6614;6631
291;4704;5296;5773;5913;6467;6644;6611;6625
292;4693;5282;5737;5897;6465;6641;6606;6620
293;4683;5264;5701;5891;6453;6637;6602;6616
294;4674;5264;5698;5881;6451;6631;6598;6611
295;4669;5249;5671;5879;6448;6627;6591;6607
296;4658;5227;5668;5874;6446;6621;6588;6603
297;4618;5224;5668;5868;6445;6617;6584;6599
298;4609;5209;5623;5866;6443;6614;6580;6595
299;4601;5200;5620;5856;6433;6608;6575;6591
300;4555;5150;5604;5828;6430;6601;6571;6585
301;4543;5142;5603;5827;6425;6596;6568;6578
302;4537;5128;5598;5826;6423;6593;6564;6574
303;4529;5114;5554;5810;6404;6588;6559;6570
304;4519;5113;5539;5800;6403;6585;6556;6566
305;4509;5108;5539;5799;6395;6582;6552;6561
306;4501;5102;5538;5793;6394;6579;6548;6555
307;4485;5072;5534;5793;6391;6576;6545;6552
308;4481;5066;5526;5791;6384;6570;6541;6549
309;4477;5061;5522;5789;6380;6567;6533;6545
310;4473;5058;5518;5788;6379;6565;6531;6542
311;4468;5053;5505;5842;6372;6562;6527;6539
312;4466;5053;5501;5837;6367;6558;6521;6536
313;4463;5053;5479;5820;6363;6552;6517;6533
314;4457;5033;5479;5815;6357;6548;6512;6530
315;4448;5030;5470;5814;6352;6543;6507;6527
316;4415;5022;5440;5795;6349;6541;6504;6524
317;4404;5016;5440;5791;6345;6536;6502;6519
318;4392;5005;5437;5788;6343;6532;6497;6516
319;4385;4999;5431;5785;6335;6528;6493;6512
320;4382;4997;5416;5763;6334;6522;6488;6508
321;4368;4993;5415;5763;6332;6519;6483;6505
322;4360;4986;5400;5756;6322;6514;6478;6501
323;4350;4983;5400;5800;6317;6506;6470;6496
324;4340;4962;5391;5799;6317;6503;6463;6492
325;4276;4956;5388;5795;6313;6500;6457;6487
326;4272;4954;5384;5793;6302;6494;6449;6483
327;4268;4945;5384;5791;6300;6486;6446;6478
328;4215;4932;5376;5782;6290;6483;6440;6473
329;4205;4915;5362;5775;6285;6477;6436;6467
330;4197;4870;5353;5772;6279;6475;6433;6464
331;4151;4866;5349;5772;6278;6471;6430;6458
332;4147;4866;5349;5770;6274;6467;6427;6455
333;4143;4863;5344;5765;6271;6463;6422;6450
334;4139;4855;5339;5756;6266;6458;6419;6446
335;4136;4839;5289;5754;6263;6452;6416;6442
336;4133;4833;5289;5747;6260;6448;6412;6438
337;4123;4828;5280;5736;6248;6444;6408;6432
338;4101;4822;5277;5731;6248;6438;6403;6429
339;4095;4815;5267;5723;6244;6431;6398;6426
340;4089;4799;5256;5712;6241;6429;6395;6423
341;4077;4793;5253;5707;6236;6426;6392;6416
342;4047;4781;5244;5701;6235;6421;6385;6412
343;4028;4777;5242;5698;6227;6413;6380;6407
344;4012;4767;5241;5691;6221;6411;6377;6401
345;3998;4760;5233;5685;6214;6405;6372;6397
346;3971;4748;5206;5660;6211;6401;6369;6391
347;3967;4748;5206;5657;6204;6395;6362;6388
348;3963;4734;5200;5653;6200;6390;6357;6383
349;3959;4726;5193;5650;6200;6385;6355;6378
350;3952;4722;5192;5647;6194;6381;6350;6372
351;3947;4717;5171;5646;6186;6376;6346;6369
352;3903;4707;5166;5627;6172;6371;6342;6363
353;3897;4689;5143;5627;6170;6366;6339;6358
354;3886;4680;5140;5625;6170;6364;6335;6354
355;3874;4669;5124;5616;6165;6359;6328;6352
356;3857;4669;5124;5608;6161;6356;6324;6348
357;3846;4641;5108;5607;6159;6353;6320;6341
358;3836;4641;5104;5605;6158;6349;6315;6337
359;3825;4631;5091;5590;6150;6345;6311;6332
360;3816;4627;5077;5588;6144;6341;6306;6328
361;3807;4619;5060;5587;6142;6338;6301;6325
362;3793;4603;5059;5586;6139;6336;6297;6320
363;3791;4595;5051;5580;6135;6331;6294;6316
364;3790;4589;5049;5579;6127;6325;6287;6310
365;3789;4586;5049;5571;6124;6321;6282;6307
366;3781;4578;5043;5568;6116;6317;6279;6300
367;3774;4577;5028;5565;6114;6313;6276;6295
368;3768;4557;5022;5563;6112;6308;6272;6292
369;3722;4539;5013;5560;6107;6305;6266;6287
370;3711;4533;4878;5553;6103;6297;6261;6284
371;3704;4528;4877;5552;6098;6293;6257;6282
372;3697;4504;4858;5540;6090;6289;6250;6277
373;3689;4499;4857;5539;6087;6284;6247;6273
374;3675;4490;4856;5537;6083;6280;6241;6269
375;3673;4483;4853;5532;6081;6277;6237;6264
376;3672;4472;4849;5570;6077;6271;6233;6260
377;3671;4471;4849;5560;6071;6267;6229;6255
378;3633;4400;4848;5555;6067;6263;6225;6252
379;3626;4400;4842;5545;6064;6258;6222;6248
380;3608;4400;4841;5542;6055;6253;6218;6243
381;3593;4400;4839;5534;6052;6250;6214;6238
382;3583;4396;4831;5528;6046;6245;6209;6235
383;3567;4389;4828;5522;6042;6241;6204;6231
384;3563;4376;4824;5521;6035;6237;6201;6227
385;3559;4370;4812;5518;6031;6235;6197;6222
386;3555;4369;4804;5504;6024;6232;6192;6215
387;3551;4356;4797;5499;6022;6225;6187;6212
388;3547;4354;4792;5499;6015;6219;6184;6209
389;3543;4349;4773;5497;6011;6214;6176;6204
390;3539;4346;4732;5494;6003;6211;6172;6198
391;3535;4339;4729;5492;5999;6206;6166;6193
392;3532;4322;4724;5487;5992;6199;6161;6189
393;3530;4308;4723;5486;5987;6194;6157;6186
394;3480;4302;4722;5483;5982;6190;6152;6183
395;3479;4302;4657;5478;5979;6187;6147;6179
396;3477;4291;4653;5476;5977;6181;6142;6175
397;3477;4291;4649;5474;5971;6177;6137;6171
398;3467;4282;4644;5472;5969;6173;6135;6166
399;3463;4282;4641;5465;5966;6170;6132;6158
400;3459;4265;4634;5454;5964;6164;6129;6154
401;3456;4263;4634;5450;5957;6161;6126;6150
402;3453;4256;4604;5445;5953;6155;6123;6146
403;3424;4256;4578;5442;5948;6151;6120;6143
404;3423;4248;4576;5435;5946;6146;6113;6137
405;3387;4237;4571;5432;5944;6140;6110;6133
406;3375;4234;4570;5422;5940;6136;6104;6129
407;3368;4232;4563;5419;5938;6132;6098;6125
408;3365;4230;4544;5417;5933;6126;6095;6121
409;3355;4225;4535;5412;5929;6121;6091;6116
410;3351;4224;4530;5393;5925;6116;6086;6113
411;3347;4222;4527;5389;5924;6111;6082;6108
412;3342;4212;4523;5384;5921;6106;6076;6103
413;3338;4209;4522;5376;5919;6104;6070;6098
414;3283;4184;4518;5374;5915;6100;6064;6094
415;3272;4183;4517;5369;5911;6094;6061;6090
416;3204;4174;4512;5365;5908;6089;6059;6085
417;3201;4165;4511;5357;5906;6083;6053;6080
418;3197;4164;4502;5353;5905;6079;6050;6075
419;3192;4161;4462;5349;5900;6074;6044;6071
420;3188;4157;4461;5349;5896;6071;6038;6066
421;3184;4132;4455;5346;5891;6066;6035;6060
422;3180;4127;4449;5325;5863;6061;6030;6057
423;3176;4115;4442;5324;5857;6055;6026;6051
424;3172;4112;4442;5320;5854;6052;6023;6047
425;3168;4103;4430;5317;5848;6049;6017;6043
426;3165;4102;4429;5316;5844;6047;6014;6038
427;3162;4092;4429;5315;5836;6044;6010;6033
428;3156;4089;4417;5311;5835;6041;6005;6027
429;3152;4088;4416;5295;5835;6032;6002;6024
430;3123;4088;4416;5285;5831;6032;5996;6020
431;3111;3964;4415;5283;5828;6025;5989;6015
432;3069;3964;4409;5282;5817;6021;5986;6012
433;3065;3948;4407;5281;5812;6018;5980;6006
434;3063;3947;4406;5277;5806;6017;5975;6002
435;3061;3946;4398;5273;5802;6011;5972;5997
436;3060;3891;4397;5269;5797;6005;5969;5993
437;3053;3891;4392;5265;5790;6003;5966;5989
438;3048;3891;4379;5252;5789;6000;5963;5984
439;3038;3890;4371;5251;5780;5996;5961;5981
440;3036;3889;4369;5250;5773;5994;5954;5977
441;3035;3889;4358;5230;5770;5990;5951;5972
442;2996;3882;4351;5206;5753;5987;5947;5969
443;2983;3879;4348;5202;5750;5984;5945;5965
444;2947;3867;4340;5179;5749;5979;5942;5961
445;2944;3861;4334;5178;5744;5975;5939;5958
446;2942;3860;4330;5169;5736;5971;5934;5954
447;2930;3859;4330;5136;5730;5962;5931;5949
448;2923;3849;4323;5135;5727;5958;5923;5945
449;2913;3820;4323;5135;5726;5951;5919;5939
450;2912;3820;4322;5129;5721;5946;5916;5934
451;2897;3820;4316;5128;5713;5940;5914;5931
452;2895;3820;4292;5126;5702;5937;5909;5927
453;2894;3804;4287;5119;5702;5933;5904;5922
454;2880;3803;4284;5113;5701;5926;5901;5915
455;2878;3802;4276;5108;5695;5924;5896;5910
456;2877;3802;4269;5107;5686;5922;5893;5906
457;2862;3794;4251;5103;5682;5915;5890;5900
458;2860;3762;4227;5101;5680;5911;5888;5897
459;2859;3762;4212;5089;5676;5908;5885;5894
460;2844;3719;4201;5071;5673;5906;5882;5889
461;2842;3718;4195;5069;5670;5901;5879;5886
462;2841;3718;4166;5057;5663;5898;5876;5883
463;2827;3715;4143;5056;5660;5894;5872;5879
464;2825;3714;4141;5044;5657;5892;5868;5876
465;2824;3712;4134;5043;5649;5888;5864;5871
466;2809;3707;4134;5038;5645;5885;5861;5868
467;2807;3726;4133;5037;5622;5879;5857;5864
468;2806;3721;4132;5028;5602;5875;5855;5858
469;2791;3720;4130;5024;5601;5868;5853;5854
470;2789;3706;4129;5017;5600;5859;5850;5850
471;2788;3688;4128;5004;5593;5856;5847;5845
472;2774;3687;4127;5001;5581;5851;5842;5841
473;2772;3681;4119;4998;5576;5850;5837;5837
474;2771;3671;4117;4997;5573;5845;5834;5834
475;2756;3669;4116;4992;5560;5843;5830;5828
476;2754;3608;4115;4991;5557;5839;5827;5823
477;2753;3604;4113;4987;5552;5834;5824;5819
478;2744;3604;4112;4982;5550;5831;5818;5814
479;2741;3604;4111;4980;5547;5824;5814;5809
480;2737;3599;4107;4975;5543;5823;5810;5806
481;2734;3599;4093;4973;5540;5819;5807;5799
482;2719;3598;4093;4970;5536;5815;5802;5796
483;2710;3597;4090;4966;5527;5808;5796;5790
484;2698;3588;4090;4957;5527;5802;5791;5786
485;2697;3581;4077;4952;5514;5797;5787;5783
486;2696;3579;4077;4950;5511;5796;5782;5779
487;2682;3567;4076;4944;5508;5792;5776;5776
488;2673;3566;4068;4942;5493;5788;5772;5772
489;2655;3564;4028;4933;5492;5785;5767;5768
490;2614;3558;4027;4932;5480;5781;5761;5765
491;2591;3557;4022;4929;5477;5775;5756;5762
492;2586;3556;4020;4925;5472;5770;5752;5758
493;2584;3550;4007;4915;5464;5762;5745;5753
494;2582;3550;4003;4907;5460;5760;5742;5750
495;2580;3513;3999;4898;5456;5758;5738;5747
496;2569;3491;3998;4894;5450;5755;5734;5744
497;2561;3491;3985;4884;5450;5749;5729;5741
498;2539;3468;3974;4883;5448;5744;5723;5737
499;2538;3464;3973;4882;5446;5741;5718;5733
500;2537;3464;3973;4880;5441;5736;5713;5727
501;2536;3463;3972;4877;5438;5730;5708;5723
502;2535;3463;3964;4876;5427;5725;5702;5717
503;2534;3440;3964;4873;5426;5720;5696;5714
504;2532;3431;3945;4887;5424;5717;5693;5711
505;2531;3428;3905;4887;5419;5710;5687;5704
506;2530;3425;3905;4886;5417;5704;5683;5701
507;2529;3423;3904;4883;5413;5701;5679;5697
508;2528;3372;3903;4881;5402;5695;5673;5693
509;2527;3372;3901;4875;5400;5693;5670;5689
510;2526;3370;3900;4872;5393;5689;5665;5684
511;2525;3368;3897;4871;5392;5684;5662;5679
512;2524;3366;3896;4870;5383;5680;5659;5676
513;2523;3363;3892;4864;5381;5674;5652;5673
514;2522;3329;3888;4861;5376;5669;5647;5669
515;2512;3329;3856;4860;5369;5665;5641;5664
516;2498;3328;3854;4856;5368;5658;5638;5660
517;2493;3328;3849;4851;5364;5654;5633;5657
518;2491;3325;3849;4850;5358;5651;5627;5654
519;2484;3322;3847;4848;5356;5648;5624;5649
520;2472;3322;3846;4846;5346;5645;5619;5644
521;2437;3302;3843;4844;5345;5641;5616;5641
522;2435;3302;3836;4838;5340;5633;5611;5634
523;2433;3296;3826;4831;5335;5632;5606;5631
524;2404;3260;3820;4825;5330;5629;5602;5625
525;2394;3259;3815;4813;5306;5624;5598;5622
526;2374;3257;3814;4808;5297;5620;5595;5619
527;2370;3257;3809;4806;5296;5615;5592;5615
528;2366;3256;3806;4799;5294;5610;5589;5613
529;2364;3255;3805;4794;5280;5607;5585;5609
530;2361;3241;3803;4785;5277;5601;5580;5606
531;2358;3216;3802;4779;5263;5599;5576;5604
532;2340;3215;3794;4774;5259;5595;5572;5601
533;2338;3215;3776;4771;5252;5590;5567;5596
534;2314;3190;3775;4762;5244;5588;5563;5591
535;2312;3190;3776;4758;5240;5583;5559;5587
536;2311;3190;3767;4752;5238;5578;5554;5581
537;2300;3182;3734;4748;5234;5572;5551;5577
538;2299;3182;3732;4733;5227;5569;5545;5572
539;2295;3182;3729;4732;5222;5566;5541;5569
540;2294;3170;3729;4731;5221;5562;5538;5565
541;2293;3157;3722;4728;5217;5559;5534;5562
542;2292;3151;3697;4725;5211;5555;5530;5557
543;2286;3150;3691;4715;5204;5549;5524;5554
544;2281;3146;3687;4710;5195;5541;5520;5550
545;2280;3143;3685;4703;5194;5538;5516;5545
546;2236;3123;3683;4702;5193;5535;5513;5541
547;2233;3123;3677;4690;5193;5530;5508;5537
548;2231;3122;3672;4663;5227;5524;5504;5531
549;2079;3122;3670;4659;5212;5521;5502;5528
550;2072;3112;3670;4654;5211;5510;5496;5523
551;2067;3098;3668;4652;5206;5508;5492;5520
552;2062;3086;3666;4647;5204;5503;5490;5517
553;2058;3034;3666;4645;5199;5496;5487;5513
554;2054;3034;3664;4642;5193;5489;5484;5508
555;2051;3022;3663;4620;5191;5486;5479;5502
556;2048;3021;3662;4612;5186;5481;5476;5498
557;2046;3015;3661;4606;5175;5476;5473;5494
558;2026;3012;3660;4587;5168;5473;5468;5488
559;2023;3012;3659;4586;5166;5466;5465;5484
560;2015;3001;3657;4582;5164;5462;5460;5481
561;1984;2991;3656;4573;5155;5457;5456;5476
562;1984;2920;3649;4563;5154;5454;5453;5472
563;1975;2917;3648;4533;5150;5450;5449;5469
564;1969;2917;3639;4532;5146;5445;5444;5466
565;1959;2917;3636;4508;5142;5439;5440;5461
566;1954;2916;3627;4496;5133;5436;5437;5458
567;1943;2913;3626;4491;5123;5433;5432;5455
568;1941;2906;3625;4480;5122;5431;5428;5452
569;1938;2901;3618;4479;5112;5427;5426;5449
570;1927;2901;3614;4473;5109;5424;5423;5446
571;1926;2899;3613;4441;5108;5422;5419;5442
572;1915;2887;3611;4440;5106;5416;5417;5439
573;1914;2880;3610;4437;5101;5412;5412;5433
574;1902;2872;3609;4435;5101;5406;5409;5430
575;1901;2872;3606;4434;5097;5402;5404;5424
576;1900;2870;3605;4410;5090;5396;5400;5420
577;1899;2868;3598;4401;5087;5389;5396;5417
578;1898;2864;3594;4400;5086;5379;5393;5412
579;1823;2863;3591;4399;5078;5374;5389;5408
580;1819;2853;3590;4385;5071;5370;5386;5404
581;1816;2846;3589;4383;5068;5365;5381;5400
582;1813;2844;3587;4381;5058;5358;5375;5396
583;1811;2841;3586;4378;5048;5352;5370;5391
584;1805;2840;3585;4378;5047;5351;5365;5386
585;1768;2800;3570;4370;5039;5348;5362;5382
586;1766;2800;3570;4366;5035;5345;5359;5378
587;1764;2799;3565;4365;5032;5342;5356;5375
588;1730;2796;3552;4356;5026;5337;5353;5369
589;1728;2796;3546;4353;5020;5333;5350;5364
590;1727;2793;3515;4350;5016;5327;5347;5359
591;1706;2785;3510;4346;5010;5323;5344;5353
592;1705;2785;3493;4342;5007;5319;5341;5347
593;1704;2757;3492;4341;5000;5313;5337;5340
594;1701;2635;3485;4340;4998;5309;5333;5338
595;1700;2630;3480;4333;4993;5307;5329;5334
596;1699;2627;3466;4328;4993;5302;5326;5328
597;1698;2627;3461;4319;4982;5300;5320;5325
598;1697;2620;3460;4319;4978;5296;5315;5320
599;1696;2614;3460;4317;4973;5292;5310;5315
600;1695;2613;3459;4316;4972;5287;5307;5308
601;1694;2604;3449;4315;4965;5283;5302;5305
602;1693;2602;3443;4310;4962;5279;5297;5301
603;1692;2600;3441;4308;4955;5276;5293;5297
604;1691;2565;3440;4306;4950;5273;5290;5292
605;1664;2564;3428;4296;4946;5270;5288;5288
606;1661;2563;3425;4292;4941;5268;5285;5284
607;1659;2483;3411;4291;4929;5265;5282;5281
608;1639;2478;3405;4287;4922;5262;5279;5278
609;1636;2473;3404;4281;4921;5255;5273;5275
610;1634;2473;3403;4277;4914;5252;5269;5272
611;1600;2462;3385;4275;4913;5249;5264;5269
612;1596;2433;3384;4268;4902;5245;5260;5266
613;1593;2410;3379;4260;4897;5240;5257;5263
614;1589;2344;3378;4256;4895;5233;5255;5260
615;1586;2344;3377;4253;4893;5229;5252;5254
616;1583;2307;3374;4250;4891;5225;5248;5250
617;1582;2295;3359;4246;4881;5221;5242;5245
618;1579;2289;3359;4243;4880;5214;5238;5240
619;1578;2281;3359;4239;4872;5209;5233;5237
620;1575;2279;3355;4231;4868;5202;5229;5234
621;1573;2250;3345;4220;4864;5201;5224;5230
622;1571;2216;3341;4216;4851;5198;5218;5225
623;1571;2214;3339;4214;4845;5193;5215;5222
624;1558;2207;3331;4210;4843;5189;5209;5218
625;1549;2200;3328;4203;4840;5184;5205;5214
626;1538;2182;3327;4200;4828;5179;5201;5208
627;1525;2180;3326;4199;4824;5174;5197;5205
628;1515;2179;3307;4199;4816;5170;5194;5200
629;1510;2165;3303;4198;4810;5168;5191;5198
630;1502;2162;3263;4198;4807;5161;5186;5194
631;1463;2162;3263;4195;4802;5157;5182;5188
632;1457;2152;3259;4194;4788;5152;5178;5185
633;1452;2152;3258;4189;4783;5148;5173;5178
634;1450;2147;3257;4189;4776;5144;5170;5175
635;1448;2101;3256;4174;4774;5132;5167;5170
636;1436;2101;3254;4173;4770;5131;5161;5166
637;1419;2101;3247;4170;4754;5127;5157;5163
638;1405;2101;3223;4168;4746;5117;5152;5159
639;1391;2100;3214;4165;4745;5115;5148;5154
640;1382;2100;3205;4162;4736;5110;5143;5150
641;1378;2100;3193;4156;4731;5102;5139;5146
642;1374;2099;3190;4149;4729;5100;5132;5143
643;1368;2087;3189;4144;4726;5097;5128;5140
644;1360;2116;3183;4143;4721;5094;5121;5137
645;1241;2116;3179;4140;4711;5092;5118;5134
646;1233;2116;3179;4136;4708;5088;5114;5130
647;1225;2114;3176;4134;4703;5084;5111;5126
648;1220;2114;3174;4125;4694;5079;5109;5121
649;1214;2112;3167;4123;4693;5075;5104;5118
650;1206;2105;3166;4115;4679;5069;5100;5113
651;1203;2105;3161;4102;4674;5059;5097;5107
652;1196;2058;3154;4095;4664;5058;5094;5104
653;1191;2058;3153;4093;4658;5054;5087;5098
654;1188;2054;3144;4086;4648;5048;5082;5093
655;1185;2054;3137;4076;4638;5044;5080;5089
656;1182;2029;3136;4072;4632;5040;5076;5085
657;1178;2029;3132;4071;4631;5036;5072;5083
658;1174;2026;3127;4066;4630;5033;5069;5077
659;1171;2012;3125;4065;4628;5028;5062;5074
660;1168;2012;3124;4060;4626;5026;5059;5068
661;1166;2009;3114;4053;4620;5024;5053;5065
662;1155;1998;3111;4045;4617;5019;5048;5060
663;1144;1997;3108;4038;4612;5012;5041;5053
664;1132;1984;3088;4029;4606;5008;5037;5049
665;1121;1960;3087;4022;4603;5004;5030;5044
666;1109;1958;3068;4001;4597;4998;5028;5042
667;1092;1958;3067;3999;4592;4994;5025;5039
668;1078;1958;3062;3998;4590;4988;5019;5036
669;1064;1958;3058;3992;4587;4982;5014;5032
670;1055;1951;3051;3985;4584;4975;5011;5029
671;1051;1950;2995;3984;4577;4972;5005;5025
672;1047;1947;2995;3979;4575;4968;5001;5020
673;1043;1944;2959;3965;4568;4963;4997;5017
674;1039;1940;2959;3952;4563;4959;4995;5012
675;1033;1935;2957;3951;4558;4957;4992;5009
676;1025;1932;2956;3947;4540;4954;4988;5006
677;784;1932;2948;3942;4536;4949;4985;5001
678;780;1932;2947;3929;4531;4946;4982;4998
679;774;1929;2946;3927;4527;4941;4980;4994
680;755;1929;2945;3924;4515;4938;4976;4991
681;739;1925;2944;3908;4513;4934;4969;4986
682;734;1919;2943;3904;4509;4928;4964;4980
683;728;1829;2937;3901;4506;4925;4959;4977
684;719;1811;2936;3892;4504;4922;4954;4973
685;714;1766;2935;3890;4502;4917;4949;4966
686;703;1764;2930;3883;4493;4910;4945;4962
687;690;1759;2929;3882;4478;4907;4941;4955
688;686;1754;2923;3878;4475;4901;4935;4952
689;682;1748;2922;3877;4469;4898;4928;4947
690;679;1739;2921;3871;4464;4891;4925;4943
691;666;1736;2911;3851;4464;4889;4922;4938
692;662;1736;2910;3849;4460;4886;4919;4934
693;658;1736;2909;3847;4452;4880;4916;4927
694;651;1726;2896;3836;4448;4877;4913;4922
695;647;1719;2887;3834;4443;4874;4909;4918
696;643;1709;2883;3827;4434;4870;4905;4914
697;639;1708;2880;3817;4433;4866;4903;4910
698;632;1699;2874;3816;4422;4862;4899;4904
699;628;1643;2863;3800;4421;4857;4896;4901
700;625;1641;2862;3798;4410;4847;4892;4897
701;619;1641;2859;3784;4408;4846;4886;4893
702;615;1638;2856;3781;4406;4843;4879;4888
703;610;1638;2852;3778;4396;4837;4874;4885
704;608;1638;2844;3777;4394;4826;4870;4882
705;600;1628;2842;3772;4392;4823;4866;4879
706;595;1595;2841;3769;4387;4816;4863;4874
707;594;1589;2821;3767;4379;4811;4859;4869
708;589;1587;2813;3764;4372;4807;4853;4866
709;585;1540;2811;3754;4371;4804;4850;4858
710;582;1537;2783;3751;4367;4797;4845;4854
711;573;1535;2772;3751;4361;4795;4841;4849
712;569;1530;2769;3748;4359;4791;4836;4845
713;566;1510;2766;3742;4351;4787;4831;4842
714;562;1492;2762;3721;4348;4781;4827;4838
715;558;1491;2757;3720;4340;4776;4822;4833
716;554;1485;2745;3717;4334;4772;4818;4827
717;550;1485;2745;3709;4325;4766;4815;4824
718;546;1482;2727;3707;4322;4760;4811;4820
719;539;1477;2723;3702;4315;4757;4807;4816
720;533;1474;2714;3699;4311;4754;4801;4812
721;529;1470;2712;3697;4310;4750;4796;4808
722;526;1469;2695;3666;4305;4748;4791;4803
723;525;1467;2695;3663;4295;4744;4788;4796
724;524;1462;2683;3658;4286;4741;4782;4792
725;519;1456;2681;3652;4283;4735;4777;4787
726;516;1455;2679;3642;4280;4730;4773;4781
727;512;1451;2678;3640;4275;4726;4766;4777
728;509;1443;2673;3636;4267;4723;4762;4771
729;504;1432;2672;3634;4258;4719;4757;4768
730;502;1417;2671;3628;4256;4717;4753;4763
731;497;1415;2652;3607;4251;4711;4750;4758
732;493;1413;2647;3602;4249;4708;4746;4754
733;489;1410;2644;3597;4247;4704;4740;4751
734;484;1410;2644;3594;4240;4700;4736;4746
735;479;1410;2637;3569;4235;4694;4731;4740
736;476;1408;2636;3563;4234;4691;4726;4736
737;472;1407;2632;3561;4229;4686;4721;4732
738;469;1406;2627;3559;4227;4683;4717;4728
739;464;1403;2623;3557;4222;4678;4714;4724
740;461;1403;2619;3556;4210;4673;4707;4721
741;456;1402;2608;3555;4209;4670;4702;4717
742;452;1402;2582;3553;4204;4668;4698;4712
743;448;1400;2586;3545;4199;4664;4694;4707
744;445;1400;2562;3531;4194;4660;4689;4704
745;442;1399;2559;3522;4153;4657;4686;4697
746;439;1397;2557;3514;4153;4654;4681;4694
747;434;1396;2553;3509;4152;4651;4676;4689
748;429;1396;2551;3507;4151;4648;4670;4686
749;426;1395;2545;3502;4149;4646;4667;4681
750;421;1394;2540;3502;4146;4643;4661;4677
751;418;1393;2538;3501;4134;4640;4654;4673
752;415;1392;2523;3499;4132;4634;4649;4668
753;412;1391;2523;3498;4123;4630;4646;4665
754;407;1389;2496;3496;4122;4626;4640;4659
755;405;1388;2495;3491;4114;4623;4635;4655
756;404;1382;2495;3490;4097;4618;4629;4650
757;403;1381;2494;3483;4094;4614;4624;4646
758;402;1380;2493;3479;4091;4606;4620;4642
759;397;1379;2486;3473;4090;4600;4615;4637
760;394;1378;2474;3460;4071;4594;4610;4632
761;390;1346;2450;3459;4069;4591;4605;4629
762;386;1343;2442;3458;4056;4587;4602;4627
763;383;1336;2441;3452;4054;4582;4597;4621
764;380;1336;2440;3437;4053;4579;4592;4616
765;378;1330;2421;3436;4034;4573;4588;4612
766;375;1330;2420;3432;4031;4568;4585;4607
767;375;1323;2414;3426;4028;4558;4582;4602
768;373;1318;2413;3421;4025;4555;4579;4597
769;372;1309;2404;3408;4020;4552;4574;4590
770;361;1255;2396;3401;4017;4548;4571;4586
771;349;1255;2395;3397;4014;4544;4569;4583
772;338;1218;2389;3394;4011;4537;4566;4578
773;326;1218;2389;3380;4006;4535;4561;4574
774;315;1206;2384;3378;4001;4531;4556;4572
775;304;1196;2383;3371;3971;4526;4553;4569
776;292;1183;2382;3366;3970;4520;4548;4565
777;281;1171;2357;3365;3969;4513;4545;4563
778;269;1158;2350;3363;3969;4509;4539;4559
779;258;1147;2349;3359;3966;4505;4535;4554
780;246;1135;2344;3356;3965;4501;4532;4550
781;235;1122;2337;3352;3954;4497;4529;4547
782;223;1108;2333;3351;3953;4493;4525;4543
783;213;1096;2324;3349;3949;4489;4522;4538
784;188;1087;2317;3342;3948;4486;4520;4535
785;178;1072;2304;3341;3942;4483;4515;4528
786;155;1042;2300;3338;3911;4479;4512;4525
787;148;1030;2298;3299;3905;4477;4509;4521
788;145;1018;2290;3298;3896;4472;4503;4516
789;144;1004;2285;3297;3893;4467;4499;4511
790;143;991;2285;3294;3890;4462;4493;4508
791;143;988;2284;3293;3883;4457;4488;4502
792;141;979;2283;3290;3881;4448;4486;4499
793;138;967;2279;3283;3875;4447;4480;4494
794;129;959;2222;3282;3872;4442;4475;4490
795;127;957;2221;3274;3869;4438;4472;4485
796;125;952;2216;3271;3868;4433;4468;4481
797;123;945;2206;3265;3866;4426;4463;4477
798;121;942;2161;3262;3864;4423;4458;4472
799;118;942;2160;3260;3858;4418;4453;4468
800;116;936;2154;3257;3853;4413;4449;4464
801;114;931;2147;3256;3850;4411;4443;4460
802;112;928;2147;3254;3845;4407;4439;4456
803;110;921;2144;3245;3838;4402;4435;4453
804;108;918;2138;3240;3835;4397;4431;4450
805;106;913;2136;3233;3827;4394;4428;4447
806;104;909;2136;3228;3826;4389;4423;4442
807;102;877;2133;3218;3809;4384;4418;4439
808;100;872;2128;3208;3799;4381;4412;4433
809;98;867;2127;3199;3802;4377;4407;4426
810;96;864;2101;3186;3811;4374;4404;4421
811;94;851;2091;3185;3804;4371;4399;4418
812;92;851;2091;3174;3797;4368;4396;4415
813;90;847;2087;3173;3796;4364;4391;4409
814;88;843;2087;3172;3793;4359;4387;4404
815;86;838;2074;3167;3784;4355;4380;4400
816;77;823;2059;3163;3777;4353;4376;4395
817;75;810;2056;3154;3771;4350;4372;4391
818;73;807;2012;3152;3754;4346;4370;4388
819;71;802;2011;3151;3742;4342;4367;4382
820;59;798;2011;3147;3739;4340;4363;4378
821;57;798;2006;3145;3737;4334;4358;4373
822;56;774;2004;3144;3733;4331;4352;4370
823;54;772;1999;3143;3732;4328;4349;4364
824;53;767;1995;3139;3724;4324;4346;4360
825;52;761;1991;3138;3721;4318;4342;4357
826;51;759;1990;3138;3702;4314;4340;4353
827;50;750;1988;3132;3700;4310;4336;4347
828;50;748;1982;3129;3698;4305;4332;4342
829;50;730;1981;3127;3695;4301;4329;4336
830;49;726;1979;3124;3677;4297;4322;4331
831;48;720;1978;3122;3674;4293;4317;4326
832;37;720;1976;3117;3670;4288;4314;4322
833;36;708;1962;3113;3667;4282;4310;4317
834;35;705;1960;3110;3663;4277;4304;4313
835;34;701;1956;3108;3661;4272;4300;4308
836;33;692;1930;3104;3653;4267;4297;4305
837;31;686;1929;3102;3640;4264;4294;4301
838;30;685;1919;3098;3639;4259;4292;4297
839;27;684;1910;3095;3621;4253;4289;4291
840;26;682;1910;3090;3619;4251;4284;4288
841;25;680;1903;3085;3614;4247;4281;4285
842;24;679;1903;3081;3611;4244;4276;4282
843;23;678;1901;3078;3607;4240;4269;4278
844;22;676;1900;3065;3596;4235;4265;4273
845;21;675;1895;3060;3595;4231;4260;4268
846;20;666;1891;3050;3591;4226;4257;4262
847;19;666;1889;3049;3584;4223;4254;4259
848;17;665;1883;3023;3581;4220;4250;4254
849;16;646;1882;2994;3580;4211;4247;4249
850;15;643;1881;2989;3573;4210;4241;4245
851;13;639;1880;2981;3557;4207;4237;4240
852;8;636;1879;2979;3550;4205;4233;4236
853;7;630;1876;2977;3549;4200;4230;4229
854;7;624;1874;2974;3545;4195;4225;4226
855;2;624;1873;2973;3539;4191;4220;4222
856;1;620;1864;2970;3533;4189;4214;4218
857;0;616;1861;2965;3532;4187;4210;4214
858;0;609;1860;2959;3527;4184;4207;4209
859;0;606;1855;2956;3511;4181;4203;4204
860;0;605;1851;2954;3502;4175;4199;4200
861;0;588;1845;2951;3496;4171;4195;4195
862;0;584;1841;2949;3493;4167;4193;4190
863;0;515;1840;2944;3492;4162;4191;4184
864;0;503;1832;2943;3490;4158;4184;4179
865;0;491;1830;2938;3487;4155;4181;4176
866;0;479;1826;2937;3481;4149;4177;4170
867;0;467;1820;2936;3480;4145;4171;4166
868;0;454;1812;2935;3479;4142;4168;4162
869;0;441;1810;2934;3476;4139;4166;4157
870;0;432;1801;2924;3475;4132;4161;4154
871;0;426;1793;2921;3473;4128;4156;4150
872;0;425;1790;2915;3467;4122;4151;4147
873;0;415;1790;2911;3465;4118;4147;4142
874;0;412;1783;2910;3463;4114;4141;4138
875;0;411;1782;2904;3458;4111;4137;4132
876;0;411;1776;2882;3447;4107;4133;4129
877;0;403;1769;2879;3445;4101;4129;4125
878;0;403;1769;2875;3439;4098;4123;4120
879;0;400;1765;2872;3438;4091;4118;4117
880;0;399;1761;2868;3436;4086;4114;4112
881;0;396;1756;2867;3435;4083;4110;4109
882;0;394;1755;2863;3433;4078;4105;4105
883;0;390;1754;2862;3428;4075;4102;4102
884;0;386;1750;2834;3424;4071;4097;4099
885;0;385;1747;2832;3421;4066;4093;4096
886;0;384;1745;2824;3418;4061;4090;4093
887;0;383;1740;2820;3412;4056;4087;4090
888;0;382;1738;2818;3406;4053;4082;4086
889;0;380;1733;2799;3403;4051;4079;4082
890;0;379;1729;2798;3397;4047;4076;4078
891;0;378;1724;2794;3393;4041;4069;4074
892;0;377;1709;2791;3386;4036;4065;4070
893;0;376;1707;2790;3379;4033;4060;4067
894;0;374;1694;2787;3373;4030;4057;4063
895;0;371;1688;2785;3362;4028;4053;4059
896;0;370;1682;2777;3353;4023;4046;4051
897;0;369;1658;2775;3350;4021;4044;4047
898;0;368;1654;2768;3348;4019;4039;4043
899;0;364;1652;2767;3344;4017;4034;4040
900;0;364;1652;2765;3340;4015;4029;4037
901;0;364;1651;2760;3336;4010;4025;4033
902;0;363;1651;2753;3328;4005;4022;4027
903;0;286;1635;2750;3323;4003;4017;4022
904;0;286;1634;2748;3316;3991;4013;4017
905;0;285;1600;2746;3310;3991;4009;4010
906;0;285;1592;2740;3304;3988;4005;4007
907;0;285;1591;2736;3304;3983;4002;4002
908;0;283;1590;2736;3300;3977;3999;3997
909;0;280;1589;2725;3296;3972;3996;3991
910;0;280;1575;2711;3291;3970;3991;3986
911;0;279;1571;2708;3288;3963;3987;3979
912;0;273;1570;2696;3285;3961;3983;3975
913;0;272;1568;2685;3277;3957;3979;3972
914;0;211;1552;2684;3274;3950;3975;3968
915;0;206;1547;2682;3265;3947;3971;3965
916;0;188;1541;2678;3263;3945;3968;3961
917;0;187;1535;2659;3262;3942;3966;3955
918;0;185;1535;2656;3257;3937;3961;3951
919;0;117;1532;2656;3253;3934;3959;3948
920;0;115;1524;2620;3244;3932;3956;3944
921;0;106;1522;2618;3242;3926;3954;3941
922;0;105;1510;2617;3237;3921;3951;3938
923;0;104;1498;2616;3235;3917;3948;3934
924;0;103;1489;2614;3231;3912;3945;3931
925;0;99;1486;2612;3229;3908;3942;3929
926;0;96;1481;2611;3221;3905;3936;3925
927;0;93;1475;2610;3215;3903;3932;3922
928;0;88;1472;2609;3196;3899;3928;3919
929;0;87;1469;2604;3193;3895;3923;3914
930;0;83;1466;2602;3191;3894;3921;3910
931;0;81;1458;2571;3184;3889;3914;3904
932;0;73;1456;2566;3180;3884;3910;3901
933;0;71;1455;2562;3177;3879;3907;3897
934;0;69;1451;2555;3175;3873;3903;3892
935;0;69;1451;2548;3172;3869;3897;3889
936;0;68;1434;2539;3171;3866;3892;3886
937;0;66;1428;2539;3168;3860;3889;3882
938;0;64;1417;2524;3161;3855;3886;3878
939;0;63;1413;2512;3148;3850;3883;3874
940;0;63;1412;2503;3148;3845;3880;3870
941;0;62;1403;2502;3147;3842;3876;3864
942;0;61;1395;2499;3147;3837;3872;3860
943;0;60;1375;2493;3143;3834;3869;3857
944;0;59;1374;2484;3142;3826;3865;3854
945;0;58;1353;2473;3140;3824;3860;3851
946;0;57;1353;2487;3137;3817;3857;3845
947;0;54;1352;2475;3136;3813;3855;3841
948;0;50;1340;2452;3132;3810;3852;3834
949;0;46;1328;2449;3130;3805;3847;3828
950;0;45;1327;2448;3127;3802;3842;3825
951;0;45;1320;2442;3124;3799;3837;3822
952;0;45;1317;2441;3123;3797;3834;3815
953;0;44;1312;2438;3114;3793;3830;3811
954;0;42;1294;2436;3109;3791;3825;3805
955;0;41;1282;2431;3105;3787;3820;3800
956;0;40;1276;2419;3101;3785;3816;3796
957;0;39;1264;2418;3098;3782;3812;3792
958;0;38;1250;2408;3094;3779;3807;3789
959;0;37;1249;2406;3087;3775;3804;3785
960;0;36;1240;2402;3084;3771;3801;3779
961;0;34;1235;2401;3082;3767;3797;3775
962;0;33;1232;2399;3078;3762;3790;3772
963;0;32;1231;2370;3071;3759;3786;3767
964;0;31;1230;2362;3069;3753;3783;3763
965;0;30;1223;2351;3065;3750;3780;3758
966;0;28;1181;2349;3059;3745;3776;3753
967;0;28;1180;2348;3053;3741;3773;3749
968;0;26;1166;2341;3053;3739;3768;3745
969;0;25;1163;2340;3049;3737;3762;3741
970;0;24;1151;2332;3048;3730;3757;3736
971;0;23;1150;2331;3042;3726;3754;3733
972;0;21;1121;2330;3037;3716;3750;3730
973;0;21;1114;2327;3031;3712;3745;3725
974;0;20;1084;2325;3028;3706;3741;3722
975;0;18;1082;2323;3022;3704;3737;3718
976;0;18;1081;2320;3018;3698;3730;3714
977;0;17;1078;2317;3005;3693;3726;3707
978;0;15;1073;2315;3002;3690;3723;3703
979;0;14;1064;2305;3001;3684;3717;3700
980;0;13;1061;2301;2996;3680;3713;3697
981;0;12;1060;2288;2991;3673;3709;3692
982;0;11;1059;2286;2987;3668;3704;3689
983;0;10;1055;2280;2983;3662;3700;3685
984;0;8;1045;2279;2981;3658;3697;3680
985;0;7;1045;2273;2976;3655;3695;3675
986;0;6;1042;2269;2974;3652;3692;3672
987;0;4;1041;2255;2972;3647;3689;3668
988;0;3;1033;2245;2968;3642;3686;3665
989;0;1;1027;2240;2963;3638;3682;3661
990;0;0;1017;2236;2950;3635;3676;3657
991;0;0;1013;2226;2950;3633;3671;3653
992;0;0;1007;2225;2949;3629;3666;3651
993;0;0;987;2218;2941;3625;3661;3648
994;0;0;986;2216;2935;3615;3657;3644
995;0;0;976;2213;2933;3614;3651;3640
996;0;0;976;2211;2920;3609;3646;3635
997;0;0;963;2204;2914;3601;3641;3629
998;0;0;963;2200;2908;3596;3636;3625
999;0;0;954;2197;2901;3594;3634;3621
1000;0;0;946;2194;2892;3589;3630;3616
1001;0;0;971;2193;2891;3584;3627;3614
1002;0;0;970;2178;2882;3580;3622;3611
1003;0;0;966;2176;2874;3574;3620;3607
1004;0;0;964;2175;2873;3569;3615;3601
1005;0;0;955;2171;2862;3564;3609;3596
1006;0;0;954;2167;2862;3561;3605;3593
1007;0;0;953;2165;2857;3558;3601;3589
1008;0;0;951;2161;2850;3554;3598;3586
1009;0;0;933;2161;2849;3550;3594;3582
1010;0;0;912;2150;2843;3548;3590;3579
1011;0;0;907;2146;2833;3545;3585;3575
1012;0;0;904;2138;2833;3540;3582;3572
1013;0;0;903;2123;2829;3533;3577;3568
1014;0;0;902;2117;2827;3530;3573;3564
1015;0;0;899;2115;2823;3526;3569;3559
1016;0;0;897;2106;2821;3523;3566;3554
1017;0;0;896;2100;2816;3518;3562;3548
1018;0;0;893;2099;2813;3514;3557;3543
1019;0;0;889;2095;2801;3511;3552;3540
1020;0;0;884;2095;2798;3503;3547;3534
1021;0;0;879;2094;2790;3501;3544;3530
1022;0;0;873;2075;2789;3495;3538;3526
1023;0;0;871;2069;2784;3491;3534;3523
1024;0;0;862;2068;2784;3486;3531;3518
1025;0;0;862;2059;2780;3480;3525;3515
1026;0;0;858;2057;2774;3475;3521;3510
1027;0;0;851;2056;2771;3469;3518;3507
1028;0;0;849;2054;2767;3464;3513;3504
1029;0;0;848;2053;2764;3462;3510;3499
1030;0;0;843;2049;2761;3457;3506;3496
1031;0;0;840;2046;2750;3452;3502;3491
1032;0;0;836;2045;2748;3448;3499;3487
1033;0;0;833;2039;2746;3445;3496;3483
1034;0;0;831;2036;2738;3440;3493;3480
1035;0;0;828;2031;2737;3438;3489;3476
1036;0;0;825;2028;2720;3435;3483;3472
1037;0;0;824;2027;2719;3430;3480;3468
1038;0;0;822;2006;2714;3427;3477;3464
1039;0;0;821;2002;2713;3421;3472;3460
1040;0;0;819;2001;2708;3413;3467;3455
1041;0;0;818;2000;2702;3412;3465;3451
1042;0;0;817;1999;2700;3406;3462;3445
1043;0;0;816;1992;2698;3405;3456;3441
1044;0;0;814;1991;2696;3402;3450;3437
1045;0;0;813;1988;2690;3396;3448;3435
1046;0;0;812;1984;2688;3392;3445;3430
1047;0;0;811;1980;2660;3389;3440;3427
1048;0;0;805;1958;2644;3386;3436;3425
1049;0;0;801;1957;2641;3384;3431;3422
1050;0;0;800;1957;2638;3381;3427;3418
1051;0;0;799;1954;2635;3379;3422;3413
1052;0;0;788;1951;2633;3376;3418;3410
1053;0;0;783;1947;2632;3373;3411;3406
1054;0;0;781;1943;2630;3369;3405;3400
1055;0;0;777;1938;2629;3367;3400;3394
1056;0;0;776;1935;2624;3364;3398;3391
1057;0;0;770;1922;2622;3360;3395;3387
1058;0;0;766;1921;2619;3357;3393;3384
1059;0;0;765;1920;2617;3351;3388;3378
1060;0;0;761;1915;2614;3345;3384;3374
1061;0;0;759;1914;2607;3340;3381;3369
1062;0;0;758;1914;2592;3336;3378;3365
1063;0;0;751;1899;2591;3330;3375;3361
1064;0;0;747;1882;2577;3328;3372;3356
1065;0;0;737;1881;2576;3323;3368;3352
1066;0;0;737;1875;2572;3320;3364;3347
1067;0;0;733;1842;2566;3314;3360;3344
1068;0;0;729;1830;2566;3309;3354;3340
1069;0;0;725;1829;2564;3307;3347;3337
1070;0;0;724;1826;2551;3302;3343;3333
1071;0;0;722;1825;2549;3297;3337;3329
1072;0;0;721;1820;2544;3291;3332;3325
1073;0;0;720;1803;2543;3288;3327;3320
1074;0;0;719;1798;2541;3284;3323;3318
1075;0;0;710;1788;2538;3274;3318;3314
1076;0;0;708;1788;2533;3274;3315;3311
1077;0;0;702;1760;2523;3269;3311;3307
1078;0;0;699;1760;2522;3264;3306;3304
1079;0;0;691;1759;2516;3260;3300;3298
1080;0;0;687;1758;2513;3256;3295;3293
1081;0;0;686;1753;2506;3254;3291;3288
1082;0;0;676;1750;2501;3251;3285;3284
1083;0;0;672;1739;2499;3248;3282;3280
1084;0;0;669;1739;2497;3240;3278;3276
1085;0;0;668;1737;2493;3235;3275;3274
1086;0;0;667;1735;2492;3232;3271;3270
1087;0;0;663;1733;2488;3227;3267;3267
1088;0;0;658;1731;2481;3225;3261;3264
1089;0;0;649;1727;2480;3218;3256;3261
1090;0;0;649;1724;2472;3217;3249;3258
1091;0;0;649;1723;2471;3215;3246;3255
1092;0;0;645;1719;2468;3212;3243;3252
1093;0;0;640;1712;2463;3209;3239;3249
1094;0;0;639;1706;2455;3207;3235;3246
1095;0;0;638;1697;2454;3201;3231;3242
1096;0;0;636;1697;2446;3199;3226;3235
1097;0;0;632;1690;2444;3196;3220;3232
1098;0;0;621;1683;2440;3193;3214;3226
1099;0;0;617;1673;2433;3190;3210;3223
1100;0;0;611;1669;2428;3186;3207;3218
1101;0;0;611;1664;2425;3184;3202;3214
1102;0;0;610;1663;2422;3182;3200;3211
1103;0;0;601;1656;2414;3178;3194;3207
1104;0;0;600;1655;2411;3174;3190;3200
1105;0;0;598;1650;2403;3169;3186;3194
1106;0;0;597;1646;2398;3166;3181;3191
1107;0;0;595;1645;2397;3158;3175;3186
1108;0;0;594;1643;2392;3155;3172;3184
1109;0;0;593;1639;2386;3152;3167;3181
1110;0;0;570;1634;2383;3149;3164;3178
1111;0;0;567;1631;2376;3146;3158;3172
1112;0;0;546;1628;2373;3140;3153;3167
1113;0;0;522;1625;2368;3135;3148;3161
1114;0;0;522;1623;2363;3132;3145;3156
1115;0;0;518;1618;2357;3128;3142;3152
1116;0;0;508;1618;2347;3121;3139;3147
1117;0;0;507;1616;2346;3120;3136;3142
1118;0;0;506;1611;2339;3114;3133;3139
1119;0;0;501;1605;2335;3110;3130;3133
1120;0;0;498;1603;2327;3107;3125;3130
1121;0;0;495;1588;2325;3105;3123;3127
1122;0;0;494;1587;2319;3097;3118;3122
1123;0;0;492;1581;2317;3094;3115;3118
1124;0;0;480;1577;2297;3090;3112;3115
1125;0;0;479;1576;2286;3087;3109;3112
1126;0;0;472;1550;2285;3082;3106;3109
1127;0;0;448;1527;2284;3077;3100;3106
1128;0;0;447;1526;2283;3073;3093;3101
1129;0;0;447;1516;2277;3065;3090;3098
1130;0;0;440;1510;2273;3059;3087;3092
1131;0;0;439;1510;2269;3056;3085;3089
1132;0;0;438;1501;2267;3050;3083;3086
1133;0;0;428;1491;2266;3045;3080;3083
1134;0;0;427;1490;2265;3040;3076;3079
1135;0;0;421;1487;2262;3035;3073;3075
1136;0;0;374;1472;2249;3032;3070;3072
1137;0;0;372;1470;2243;3028;3068;3068
1138;0;0;370;1468;2239;3026;3064;3065
1139;0;0;370;1466;2238;3021;3062;3058
1140;0;0;366;1464;2237;3018;3056;3055
1141;0;0;365;1463;2235;3015;3053;3052
1142;0;0;363;1461;2233;3012;3049;3047
1143;0;0;362;1460;2229;3009;3046;3043
1144;0;0;358;1459;2226;3007;3039;3036
1145;0;0;357;1458;2220;3001;3033;3033
1146;0;0;355;1454;2208;2998;3031;3028
1147;0;0;354;1451;2203;2992;3027;3024
1148;0;0;364;1443;2202;2988;3025;3021
1149;0;0;361;1440;2201;2985;3022;3016
1150;0;0;360;1436;2190;2982;3015;3012
1151;0;0;358;1430;2190;2977;3012;3006
1152;0;0;357;1426;2187;2974;3009;3003
1153;0;0;346;1424;2185;2970;3003;3000
1154;0;0;343;1420;2182;2967;3000;2997
1155;0;0;336;1411;2178;2963;2995;2994
1156;0;0;331;1410;2176;2959;2990;2989
1157;0;0;325;1408;2169;2955;2987;2984
1158;0;0;321;1397;2167;2952;2983;2980
1159;0;0;312;1393;2165;2950;2980;2972
1160;0;0;309;1387;2158;2946;2975;2966
1161;0;0;308;1385;2155;2943;2970;2962
1162;0;0;306;1381;2151;2938;2965;2958
1163;0;0;302;1374;2148;2933;2959;2956
1164;0;0;301;1369;2141;2930;2953;2951
1165;0;0;293;1366;2140;2927;2951;2947
1166;0;0;294;1365;2130;2921;2947;2942
1167;0;0;264;1364;2128;2919;2942;2939
1168;0;0;263;1363;2116;2915;2938;2935
1169;0;0;261;1356;2116;2911;2936;2930
1170;0;0;251;1350;2112;2904;2931;2927
1171;0;0;250;1324;2106;2902;2927;2924
1172;0;0;246;1310;2096;2896;2922;2920
1173;0;0;243;1282;2093;2892;2917;2916
1174;0;0;243;1280;2090;2890;2914;2912
1175;0;0;234;1278;2072;2888;2907;2909
1176;0;0;232;1277;2069;2885;2904;2905
1177;0;0;231;1276;2063;2882;2898;2901
1178;0;0;226;1274;2058;2877;2895;2896
1179;0;0;221;1273;2052;2873;2889;2892
1180;0;0;220;1272;2049;2871;2885;2887
1181;0;0;219;1269;2038;2867;2882;2884
1182;0;0;218;1266;2035;2864;2878;2880
1183;0;0;216;1265;2032;2861;2875;2877
1184;0;0;215;1260;2024;2858;2867;2873
1185;0;0;214;1258;2016;2856;2862;2867
1186;0;0;212;1257;2012;2853;2859;2862
1187;0;0;209;1255;2005;2850;2855;2859
1188;0;0;208;1251;2004;2847;2851;2854
1189;0;0;205;1245;2001;2844;2846;2850
1190;0;0;204;1243;1998;2842;2841;2847
1191;0;0;191;1241;1988;2838;2837;2841
1192;0;0;190;1235;1979;2836;2833;2837
1193;0;0;188;1233;1977;2831;2829;2834
1194;0;0;186;1231;1961;2828;2826;2830
1195;0;0;185;1227;1959;2822;2821;2826
1196;0;0;183;1223;1948;2819;2817;2820
1197;0;0;182;1221;1945;2816;2815;2818
1198;0;0;181;1214;1934;2814;2810;2815
1199;0;0;179;1206;1934;2811;2807;2810
1200;0;0;178;1201;1931;2805;2804;2805
1201;0;0;173;1200;1928;2802;2800;2801
1202;0;0;171;1197;1924;2799;2798;2798
1203;0;0;168;1196;1920;2797;2794;2793
1204;0;0;165;1192;1910;2794;2791;2787
1205;0;0;164;1191;1909;2792;2788;2782
1206;0;0;163;1190;1905;2789;2784;2778
1207;0;0;161;1187;1901;2783;2781;2772
1208;0;0;159;1187;1898;2780;2777;2768
1209;0;0;158;1185;1891;2777;2773;2764
1210;0;0;156;1179;1888;2775;2769;2760
1211;0;0;152;1171;1885;2769;2765;2757
1212;0;0;131;1170;1879;2767;2760;2754
1213;0;0;128;1168;1873;2765;2754;2751
1214;0;0;127;1162;1867;2762;2750;2748
1215;0;0;126;1162;1855;2760;2746;2745
1216;0;0;117;1159;1849;2757;2743;2741
1217;0;0;116;1152;1848;2754;2740;2738
1218;0;0;89;1150;1843;2751;2737;2735
1219;0;0;84;1148;1841;2749;2733;2729
1220;0;0;78;1144;1837;2745;2729;2726
1221;0;0;76;1131;1834;2738;2725;2720
1222;0;0;74;1130;1828;2735;2723;2715
1223;0;0;73;1128;1827;2733;2718;2711
1224;0;0;72;1124;1826;2727;2713;2707
1225;0;0;68;1123;1824;2722;2709;2703
1226;0;0;68;1120;1815;2717;2703;2698
1227;0;0;63;1118;1814;2711;2698;2692
1228;0;0;61;1116;1813;2706;2693;2687
1229;0;0;60;1115;1810;2704;2690;2682
1230;0;0;56;1113;1808;2701;2684;2678
1231;0;0;55;1109;1807;2695;2679;2675
1232;0;0;53;1107;1806;2692;2675;2671
1233;0;0;49;1105;1796;2689;2670;2666
1234;0;0;47;1103;1795;2685;2665;2664
1235;0;0;46;1102;1790;2680;2662;2658
1236;0;0;45;1100;1785;2674;2657;2652
1237;0;0;43;1098;1781;2672;2650;2648
1238;0;0;36;1091;1778;2666;2645;2644
1239;0;0;35;1087;1774;2664;2641;2639
1240;0;0;34;1085;1770;2661;2638;2635
1241;0;0;32;1082;1764;2658;2634;2631
1242;0;0;30;1078;1760;2655;2626;2627
1243;0;0;28;1075;1751;2652;2623;2623
1244;0;0;24;1062;1747;2650;2616;2618
1245;0;0;23;1058;1744;2645;2612;2614
1246;0;0;21;1058;1741;2640;2608;2611
1247;0;0;19;1056;1728;2636;2602;2607
1248;0;0;16;1051;1725;2632;2599;2601
1249;0;0;9;1048;1716;2627;2596;2596
1250;0;0;7;1044;1712;2623;2593;2592
1251;0;0;6;1036;1707;2619;2590;2588
1252;0;0;4;1035;1702;2615;2587;2582
1253;0;0;4;1033;1701;2609;2582;2579
1254;0;0;4;1026;1699;2606;2578;2575
1255;0;0;4;1014;1695;2601;2574;2571
1256;0;0;4;987;1694;2597;2571;2565
1257;0;0;4;984;1691;2595;2564;2562
1258;0;0;4;983;1689;2590;2559;2554
1259;0;0;4;982;1686;2587;2555;2550
1260;0;0;4;961;1684;2579;2553;2547
1261;0;0;4;961;1681;2576;2548;2543
1262;0;0;4;959;1676;2573;2545;2538
1263;0;0;4;958;1669;2567;2540;2534
1264;0;0;4;953;1664;2565;2535;2529
1265;0;0;4;950;1659;2560;2528;2525
1266;0;0;4;950;1655;2554;2525;2521
1267;0;0;4;917;1650;2552;2520;2516
1268;0;0;4;915;1646;2549;2517;2509
1269;0;0;4;905;1639;2545;2513;2504
1270;0;0;4;902;1638;2538;2508;2500
1271;0;0;4;899;1633;2534;2503;2497
1272;0;0;4;898;1628;2531;2499;2493
1273;0;0;4;896;1623;2527;2494;2490
1274;0;0;4;889;1621;2524;2491;2487
1275;0;0;4;888;1619;2518;2487;2482
1276;0;0;4;886;1613;2514;2483;2479
1277;0;0;4;879;1607;2510;2479;2476
1278;0;0;4;878;1583;2506;2476;2473
1279;0;0;4;873;1581;2501;2473;2470
1280;0;0;4;871;1576;2496;2465;2464
1281;0;0;4;870;1575;2490;2463;2460
1282;0;0;4;866;1572;2486;2458;2457
1283;0;0;4;860;1570;2481;2453;2451
1284;0;0;4;855;1563;2476;2448;2447
1285;0;0;4;849;1562;2470;2444;2443
1286;0;0;4;844;1561;2468;2439;2440
1287;0;0;4;843;1559;2465;2434;2435
1288;0;0;4;839;1555;2461;2431;2432
1289;0;0;4;838;1553;2459;2425;2428
1290;0;0;4;837;1553;2456;2422;2421
1291;0;0;4;835;1544;2451;2419;2416
1292;0;0;4;830;1544;2448;2416;2412
1293;0;0;4;829;1542;2446;2413;2407
1294;0;0;4;823;1539;2442;2409;2403
1295;0;0;4;820;1535;2437;2405;2400
1296;0;0;4;812;1530;2433;2400;2395
1297;0;0;4;810;1526;2429;2398;2390
1298;0;0;4;809;1521;2426;2395;2386
1299;0;0;4;808;1511;2423;2392;2382
1300;0;0;4;805;1508;2417;2388;2376
1301;0;0;4;803;1507;2413;2385;2371
1302;0;0;4;793;1505;2410;2381;2367
1303;0;0;4;791;1502;2408;2377;2362
1304;0;0;4;783;1497;2405;2373;2356
1305;0;0;4;782;1492;2402;2370;2352
1306;0;0;4;776;1487;2399;2365;2347
1307;0;0;4;774;1486;2396;2363;2342
1308;0;0;4;772;1485;2390;2360;2337
1309;0;0;4;762;1478;2385;2357;2334
1310;0;0;4;760;1473;2380;2353;2328
1311;0;0;4;756;1471;2377;2351;2324
1312;0;0;4;755;1468;2364;2348;2319
1313;0;0;4;753;1464;2363;2345;2314
1314;0;0;4;749;1462;2354;2342;2309
1315;0;0;1;748;1459;2348;2336;2305
1316;0;0;0;732;1458;2343;2331;2301
1317;0;0;0;726;1456;2340;2329;2296
1318;0;0;0;715;1450;2333;2322;2290
1319;0;0;0;710;1449;2329;2318;2283
1320;0;0;0;706;1448;2326;2312;2280
1321;0;0;0;689;1447;2320;2309;2277
1322;0;0;0;688;1445;2314;2304;2272
1323;0;0;0;686;1442;2311;2299;2267
1324;0;0;0;686;1441;2305;2294;2264
1325;0;0;0;650;1433;2302;2290;2261
1326;0;0;0;681;1432;2300;2285;2257
1327;0;0;0;667;1428;2293;2281;2254
1328;0;0;0;662;1420;2290;2277;2251
1329;0;0;0;659;1416;2285;2272;2249
1330;0;0;0;656;1410;2282;2267;2246
1331;0;0;0;655;1407;2279;2263;2242
1332;0;0;0;648;1402;2276;2259;2238
1333;0;0;0;647;1395;2274;2255;2235
1334;0;0;0;637;1393;2270;2250;2231
1335;0;0;0;635;1380;2268;2245;2228
1336;0;0;0;633;1374;2265;2242;2225
1337;0;0;0;622;1368;2262;2239;2222
1338;0;0;0;619;1362;2260;2235;2218
1339;0;0;0;617;1360;2254;2231;2215
1340;0;0;0;616;1358;2250;2229;2210
1341;0;0;0;615;1327;2247;2225;2207
1342;0;0;0;613;1326;2244;2223;2202
1343;0;0;0;612;1320;2241;2220;2198
1344;0;0;0;596;1319;2236;2217;2195
1345;0;0;0;587;1312;2233;2211;2192
1346;0;0;0;586;1312;2229;2207;2189
1347;0;0;0;584;1311;2224;2201;2185
1348;0;0;0;582;1305;2219;2197;2183
1349;0;0;0;579;1295;2214;2190;2180
1350;0;0;0;575;1294;2208;2184;2176
1351;0;0;0;574;1293;2204;2179;2172
1352;0;0;0;569;1281;2201;2176;2169
1353;0;0;0;564;1281;2195;2173;2165
1354;0;0;0;561;1277;2190;2167;2161
1355;0;0;0;557;1271;2185;2164;2157
1356;0;0;0;553;1260;2181;2159;2151
1357;0;0;0;543;1259;2179;2156;2149
1358;0;0;0;536;1255;2173;2151;2146
1359;0;0;0;532;1253;2170;2148;2142
1360;0;0;0;523;1232;2168;2145;2139
1361;0;0;0;520;1228;2164;2140;2135
1362;0;0;0;516;1226;2161;2137;2130
1363;0;0;0;513;1225;2158;2131;2127
1364;0;0;0;511;1222;2156;2124;2124
1365;0;0;0;507;1220;2151;2120;2121
1366;0;0;0;506;1219;2148;2117;2116
1367;0;0;0;501;1208;2143;2115;2113
1368;0;0;0;494;1207;2140;2112;2109
1369;0;0;0;493;1199;2138;2109;2105
1370;0;0;0;488;1198;2133;2105;2101
1371;0;0;0;483;1195;2131;2102;2097
1372;0;0;0;481;1189;2127;2099;2093
1373;0;0;0;477;1181;2122;2096;2090
1374;0;0;0;476;1180;2118;2093;2087
1375;0;0;0;474;1173;2113;2090;2085
1376;0;0;0;474;1156;2108;2087;2081
1377;0;0;0;464;1152;2104;2083;2078
1378;0;0;0;461;1151;2100;2081;2074
1379;0;0;0;455;1145;2097;2076;2072
1380;0;0;0;454;1144;2093;2071;2069
1381;0;0;0;454;1140;2089;2067;2066
1382;0;0;0;446;1138;2087;2064;2063
1383;0;0;0;443;1124;2084;2060;2060
1384;0;0;0;441;1117;2082;2057;2056
1385;0;0;0;439;1101;2079;2053;2051
1386;0;0;0;439;1095;2073;2049;2047
1387;0;0;0;437;1094;2067;2047;2044
1388;0;0;0;436;1092;2064;2042;2041
1389;0;0;0;433;1089;2061;2038;2038
1390;0;0;0;431;1078;2057;2035;2031
1391;0;0;0;430;1077;2053;2031;2027
1392;0;0;0;422;1076;2046;2025;2024
1393;0;0;0;420;1053;2044;2022;2021
1394;0;0;0;413;1049;2040;2019;2018
1395;0;0;0;410;1045;2038;2016;2014
1396;0;0;0;407;1043;2035;2013;2011
1397;0;0;0;406;1025;2030;2008;2006
1398;0;0;0;403;1024;2026;2004;2003
1399;0;0;0;402;1023;2023;1999;1998
1400;0;0;0;400;1022;2020;1994;1994
1401;0;0;0;392;1020;2018;1989;1990
1402;0;0;0;392;1019;2011;1985;1987
1403;0;0;0;386;1015;2007;1980;1983
1404;0;0;0;381;1012;2002;1977;1977
1405;0;0;0;370;1011;1997;1974;1974
1406;0;0;0;363;1006;1995;1970;1970
1407;0;0;0;344;1004;1992;1964;1967
1408;0;0;0;341;991;1988;1961;1960
1409;0;0;0;317;983;1981;1958;1956
1410;0;0;0;316;981;1978;1954;1954
1411;0;0;0;315;978;1974;1949;1950
1412;0;0;0;314;975;1970;1945;1947
1413;0;0;0;312;971;1966;1939;1943
1414;0;0;0;310;966;1962;1935;1940
1415;0;0;0;308;961;1958;1932;1935
1416;0;0;0;306;956;1952;1927;1932
1417;0;0;0;304;951;1948;1923;1928
1418;0;0;0;300;941;1945;1920;1924
1419;0;0;0;297;933;1941;1916;1920
1420;0;0;0;294;931;1937;1913;1917
1421;0;0;0;293;927;1932;1907;1910
1422;0;0;0;290;924;1927;1905;1907
1423;0;0;0;288;922;1924;1901;1902
1424;0;0;0;286;912;1922;1899;1897
1425;0;0;0;280;906;1920;1895;1892
1426;0;0;0;276;901;1916;1888;1886
1427;0;0;0;273;898;1913;1885;1883
1428;0;0;0;272;893;1909;1882;1879
1429;0;0;0;265;888;1905;1878;1874
1430;0;0;0;264;886;1902;1872;1868
1431;0;0;0;262;877;1899;1867;1864
1432;0;0;0;260;873;1897;1861;1859
1433;0;0;0;257;863;1894;1856;1855
1434;0;0;0;253;852;1891;1851;1848
1435;0;0;0;249;850;1886;1848;1843
1436;0;0;0;247;846;1882;1846;1839
1437;0;0;0;244;845;1877;1843;1835
1438;0;0;0;232;840;1874;1839;1831
1439;0;0;0;231;835;1870;1834;1826
1440;0;0;0;219;832;1863;1828;1822
1441;0;0;0;218;824;1858;1824;1818
1442;0;0;0;208;823;1855;1820;1812
1443;0;0;0;207;819;1850;1816;1807
1444;0;0;0;198;815;1845;1813;1803
1445;0;0;0;197;812;1841;1808;1797
1446;0;0;0;194;808;1836;1805;1792
1447;0;0;0;184;802;1832;1802;1788
1448;0;0;0;178;797;1829;1797;1784
1449;0;0;0;171;795;1824;1791;1779
1450;0;0;0;166;790;1818;1785;1775
1451;0;0;0;153;787;1815;1782;1771
1452;0;0;0;152;783;1808;1776;1767
1453;0;0;0;145;779;1801;1772;1765
1454;0;0;0;140;775;1798;1769;1760
1455;0;0;0;134;773;1795;1764;1757
1456;0;0;0;130;769;1791;1760;1753
1457;0;0;0;128;764;1789;1752;1750
1458;0;0;0;124;759;1781;1749;1747
1459;0;0;0;120;756;1781;1745;1741
1460;0;0;0;116;750;1779;1742;1738
1461;0;0;0;115;747;1774;1739;1734
1462;0;0;0;110;742;1771;1736;1728
1463;0;0;0;108;734;1769;1733;1723
1464;0;0;0;106;732;1765;1728;1719
1465;0;0;0;101;727;1763;1725;1716
1466;0;0;0;99;719;1760;1722;1713
1467;0;0;0;95;711;1758;1720;1710
1468;0;0;0;88;709;1755;1717;1706
1469;0;0;0;82;708;1753;1713;1702
1470;0;0;0;77;706;1750;1709;1699
1471;0;0;0;77;699;1747;1705;1693
1472;0;0;0;74;695;1742;1702;1689
1473;0;0;0;73;689;1739;1699;1684
1474;0;0;0;72;686;1736;1696;1681
1475;0;0;0;70;679;1731;1693;1678
1476;0;0;0;69;676;1726;1688;1673
1477;0;0;0;66;673;1721;1684;1670
1478;0;0;0;65;663;1719;1678;1663
1479;0;0;0;63;661;1714;1673;1660
1480;0;0;0;60;657;1709;1670;1657
1481;0;0;0;58;653;1706;1666;1654
1482;0;0;0;51;648;1703;1663;1650
1483;0;0;0;43;641;1698;1660;1646
1484;0;0;0;42;636;1693;1655;1643
1485;0;0;0;41;633;1688;1649;1640
1486;0;0;0;36;628;1684;1645;1635
1487;0;0;0;34;624;1681;1639;1631
1488;0;0;0;30;620;1677;1636;1628
1489;0;0;0;22;619;1674;1631;1625
1490;0;0;0;19;617;1670;1627;1620
1491;0;0;0;14;609;1668;1622;1616
1492;0;0;0;13;606;1663;1619;1614
1493;0;0;0;11;607;1662;1614;1610
1494;0;0;0;8;604;1660;1610;1606
1495;0;0;0;6;600;1657;1608;1602
1496;0;0;0;4;598;1654;1603;1597
1497;0;0;0;4;590;1648;1601;1593
1498;0;0;0;4;589;1644;1597;1589
1499;0;0;0;4;588;1638;1592;1585
1500;0;0;0;4;586;1634;1589;1582
1501;0;0;0;4;580;1632;1585;1579
1502;0;0;0;4;576;1626;1582;1576
1503;0;0;0;4;572;1622;1579;1572
1504;0;0;0;4;569;1618;1575;1569
1505;0;0;0;4;564;1614;1567;1565
1506;0;0;0;4;560;1607;1564;1563
1507;0;0;0;4;556;1602;1561;1560
1508;0;0;0;4;551;1598;1558;1556
1509;0;0;0;4;548;1595;1554;1550
1510;0;0;0;4;545;1589;1551;1547
1511;0;0;0;4;538;1583;1546;1544
1512;0;0;0;4;536;1578;1541;1540
1513;0;0;0;4;534;1572;1538;1537
1514;0;0;0;4;529;1569;1535;1534
1515;0;0;0;4;526;1564;1532;1531
1516;0;0;0;4;521;1559;1528;1527
1517;0;0;0;4;515;1556;1525;1525
1518;0;0;0;4;511;1553;1522;1521
1519;0;0;0;4;506;1551;1518;1518
1520;0;0;0;4;499;1548;1513;1513
1521;0;0;0;4;494;1545;1509;1508
1522;0;0;0;4;490;1543;1504;1505
1523;0;0;0;4;488;1535;1498;1500
1524;0;0;0;4;485;1533;1493;1496
1525;0;0;0;4;481;1530;1488;1492
1526;0;0;0;4;477;1527;1485;1488
1527;0;0;0;4;472;1524;1481;1485
1528;0;0;0;4;469;1522;1478;1482
1529;0;0;0;4;465;1516;1475;1479
1530;0;0;0;4;464;1513;1471;1474
1531;0;0;0;4;459;1509;1466;1469
1532;0;0;0;4;448;1504;1461;1466
1533;0;0;0;4;447;1497;1455;1462
1534;0;0;0;4;448;1490;1451;1458
1535;0;0;0;4;443;1484;1445;1455
1536;0;0;0;4;437;1478;1442;1450
1537;0;0;0;4;424;1475;1439;1446
1538;0;0;0;4;417;1471;1436;1442
1539;0;0;0;4;408;1464;1431;1438
1540;0;0;0;4;402;1459;1428;1434
1541;0;0;0;4;400;1455;1423;1429
1542;0;0;0;4;396;1451;1418;1425
1543;0;0;0;4;393;1448;1415;1417
1544;0;0;0;4;392;1444;1412;1412
1545;0;0;0;4;391;1441;1409;1407
1546;0;0;0;4;389;1438;1407;1404
1547;0;0;0;4;386;1430;1401;1401
1548;0;0;0;4;381;1429;1396;1397
1549;0;0;0;4;377;1429;1394;1393
1550;0;0;0;4;370;1422;1388;1389
1551;0;0;0;4;365;1418;1385;1385
1552;0;0;0;4;365;1416;1379;1382
1553;0;0;0;4;364;1413;1374;1378
1554;0;0;0;4;361;1410;1370;1373
1555;0;0;0;4;357;1405;1366;1369
1556;0;0;0;4;354;1403;1360;1363
1557;0;0;0;4;350;1400;1357;1358
1558;0;0;0;4;349;1396;1352;1354
1559;0;0;0;4;347;1393;1348;1349
1560;0;0;0;4;344;1389;1344;1345
1561;0;0;0;4;343;1386;1340;1342
1562;0;0;0;4;337;1381;1336;1338
1563;0;0;0;4;333;1376;1333;1332
1564;0;0;0;4;324;1372;1331;1328
1565;0;0;0;4;319;1365;1326;1325
1566;0;0;0;4;312;1359;1323;1322
1567;0;0;0;4;310;1357;1318;1317
1568;0;0;0;4;308;1353;1315;1314
1569;0;0;0;4;307;1351;1313;1309
1570;0;0;0;4;306;1348;1309;1304
1571;0;0;0;4;305;1343;1305;1301
1572;0;0;0;4;302;1340;1301;1298
1573;0;0;0;4;298;1334;1296;1296
1574;0;0;0;4;297;1327;1292;1291
1575;0;0;0;4;293;1323;1286;1285
1576;0;0;0;4;291;1317;1283;1280
1577;0;0;0;4;290;1311;1279;1276
1578;0;0;0;4;285;1304;1273;1271
1579;0;0;0;4;280;1300;1270;1266
1580;0;0;0;4;277;1296;1267;1262
1581;0;0;0;4;274;1292;1263;1260
1582;0;0;0;4;272;1287;1255;1256
1583;0;0;0;4;267;1280;1250;1254
1584;0;0;0;4;263;1276;1246;1251
1585;0;0;0;4;260;1271;1243;1248
1586;0;0;0;4;257;1263;1240;1245
1587;0;0;0;4;253;1260;1235;1242
1588;0;0;0;4;251;1254;1233;1239
1589;0;0;0;4;248;1250;1230;1234
1590;0;0;0;4;247;1245;1225;1231
1591;0;0;0;4;245;1241;1222;1226
1592;0;0;0;4;243;1236;1219;1223
1593;0;0;0;4;238;1231;1214;1219
1594;0;0;0;4;235;1228;1210;1215
1595;0;0;0;4;233;1225;1204;1208
1596;0;0;0;4;231;1222;1201;1205
1597;0;0;0;4;228;1219;1199;1199
1598;0;0;0;4;227;1212;1195;1196
1599;0;0;0;4;223;1207;1191;1191
1600;0;0;0;4;221;1201;1187;1188
1601;0;0;0;4;217;1198;1185;1184
1602;0;0;0;4;210;1195;1182;1180
1603;0;0;0;4;207;1188;1179;1178
1604;0;0;0;4;204;1186;1176;1175
1605;0;0;0;4;202;1183;1173;1170
1606;0;0;0;4;199;1173;1168;1166
1607;0;0;0;4;197;1171;1162;1161
1608;0;0;0;4;189;1169;1153;1158
1609;0;0;0;4;181;1166;1147;1156
1610;0;0;0;4;177;1163;1144;1153
1611;0;0;0;4;170;1160;1141;1150
1612;0;0;0;4;165;1155;1137;1147
1613;0;0;0;4;164;1152;1134;1144
1614;0;0;0;4;163;1146;1131;1141
1615;0;0;0;4;156;1140;1129;1138
1616;0;0;0;4;155;1136;1126;1135
1617;0;0;0;4;152;1131;1120;1132
1618;0;0;0;4;148;1128;1117;1129
1619;0;0;0;4;144;1124;1111;1126
1620;0;0;0;4;139;1119;1104;1122
1621;0;0;0;4;138;1116;1100;1119
1622;0;0;0;4;136;1111;1097;1116
1623;0;0;0;4;135;1106;1094;1113
1624;0;0;0;4;133;1103;1091;1109
1625;0;0;0;4;131;1098;1087;1104
1626;0;0;0;4;126;1092;1084;1099
1627;0;0;0;4;123;1086;1082;1095
1628;0;0;0;4;120;1082;1080;1091
1629;0;0;0;4;119;1076;1076;1088
1630;0;0;0;4;116;1072;1070;1084
1631;0;0;0;4;114;1068;1066;1081
1632;0;0;0;4;111;1063;1060;1078
1633;0;0;0;4;107;1059;1057;1075
1634;0;0;0;4;105;1054;1054;1071
1635;0;0;0;4;101;1050;1050;1068
1636;0;0;0;4;95;1048;1047;1065
1637;0;0;0;4;91;1043;1044;1062
1638;0;0;0;4;89;1037;1041;1059
1639;0;0;0;4;84;1033;1037;1056
1640;0;0;0;4;82;1030;1035;1053
1641;0;0;0;4;80;1027;1032;1050
1642;0;0;0;4;77;1025;1027;1046
1643;0;0;0;4;67;1021;1023;1041
1644;0;0;0;4;65;1018;1018;1039
1645;0;0;0;4;59;1014;1013;1034
1646;0;0;0;4;57;1011;1009;1031
1647;0;0;0;4;51;1007;1006;1028
1648;0;0;0;4;50;1003;1001;1024
1649;0;0;0;0;48;998;997;1021
1650;0;0;0;0;46;994;992;1015
1651;0;0;0;0;41;991;987;1012
1652;0;0;0;0;39;988;984;1008
1653;0;0;0;0;37;985;980;1004
1654;0;0;0;0;35;981;975;999
1655;0;0;0;0;32;977;972;992
1656;0;0;0;0;29;972;969;988
1657;0;0;0;0;26;968;965;983
1658;0;0;0;0;25;964;961;980
1659;0;0;0;0;21;960;958;977
1660;0;0;0;0;18;955;955;974
1661;0;0;0;0;16;953;951;971
1662;0;0;0;0;14;949;948;965
1663;0;0;0;0;10;944;945;961
1664;0;0;0;0;8;939;943;956
1665;0;0;0;0;5;934;939;952
1666;0;0;0;0;2;930;936;949
1667;0;0;0;0;0;928;933;946
1668;0;0;0;0;0;924;930;941
1669;0;0;0;0;0;921;927;938
1670;0;0;0;0;0;918;922;934
1671;0;0;0;0;0;915;920;930
1672;0;0;0;0;0;913;917;927
1673;0;0;0;0;0;909;914;924
1674;0;0;0;0;0;907;911;921
1675;0;0;0;0;0;904;908;918
1676;0;0;0;0;0;900;905;913
1677;0;0;0;0;0;896;902;910
1678;0;0;0;0;0;893;899;907
1679;0;0;0;4;0;891;895;903
1680;0;0;0;4;0;888;891;900
1681;0;0;0;4;0;886;888;897
1682;0;0;0;0;0;883;884;894
1683;0;0;0;0;0;881;881;891
1684;0;0;0;0;0;878;878;884
1685;0;0;0;0;0;873;876;880
1686;0;0;0;0;0;870;873;877
1687;0;0;0;0;0;867;870;874
1688;0;0;0;0;0;864;867;871
1689;0;0;0;0;0;859;864;868
1690;0;0;0;0;0;858;861;865
1691;0;0;0;0;0;855;858;862
1692;0;0;0;0;0;853;854;859
1693;0;0;0;0;0;851;851;854
1694;0;0;0;0;0;848;848;850
1695;0;0;0;0;0;841;845;846
1696;0;0;0;0;0;837;842;843
1697;0;0;0;0;0;832;839;840
1698;0;0;0;0;0;830;836;837
1699;0;0;0;0;0;825;833;831
1700;0;0;0;0;0;821;830;828
1701;0;0;0;0;0;817;827;821
1702;0;0;0;0;0;813;824;818
1703;0;0;0;0;0;809;821;815
1704;0;0;0;0;0;802;818;812
1705;0;0;0;0;0;798;815;808
1706;0;0;0;0;0;794;813;803
1707;0;0;0;0;0;791;809;799
1708;0;0;0;0;0;788;806;796
1709;0;0;0;0;0;784;804;792
1710;0;0;0;0;0;781;800;788
1711;0;0;0;0;0;778;796;782
1712;0;0;0;0;0;776;794;778
1713;0;0;0;0;0;773;791;771
1714;0;0;0;0;0;770;786;767
1715;0;0;0;0;0;768;784;763
1716;0;0;0;0;0;765;779;757
1717;0;0;0;0;0;762;775;753
1718;0;0;0;0;0;760;772;746
1719;0;0;0;0;0;757;767;743
1720;0;0;0;0;0;754;764;739
1721;0;0;0;0;0;751;760;735
1722;0;0;0;0;0;748;757;732
1723;0;0;0;0;0;745;752;730
1724;0;0;0;0;0;742;749;727
1725;0;0;0;0;0;740;746;724
1726;0;0;0;0;0;736;743;718
1727;0;0;0;0;0;732;739;715
1728;0;0;0;0;0;729;736;713
1729;0;0;0;0;0;725;733;708
1730;0;0;0;0;0;720;728;705
1731;0;0;0;0;0;716;726;701
1732;0;0;0;0;0;710;722;695
1733;0;0;0;0;0;708;719;689
1734;0;0;0;0;0;705;716;683
1735;0;0;0;0;0;702;713;680
1736;0;0;0;0;0;699;709;676
1737;0;0;0;0;0;695;707;669
1738;0;0;0;0;0;691;703;667
1739;0;0;0;0;0;687;699;664
1740;0;0;0;0;0;683;696;660
1741;0;0;0;0;0;676;693;657
1742;0;0;0;0;0;673;690;654
1743;0;0;0;0;0;670;685;648
1744;0;0;0;0;0;664;678;645
1745;0;0;0;0;0;660;674;640
1746;0;0;0;0;0;658;669;634
1747;0;0;0;0;0;653;665;631
1748;0;0;0;0;0;649;659;627
1749;0;0;0;0;0;648;656;623
1750;0;0;0;0;0;643;651;620
1751;0;0;0;0;0;640;646;616
1752;0;0;0;0;0;637;641;613
1753;0;0;0;0;0;632;636;610
1754;0;0;0;0;0;629;631;607
1755;0;0;0;0;0;624;626;605
1756;0;0;0;0;0;619;620;602
1757;0;0;0;0;0;617;615;597
1758;0;0;0;0;0;613;611;593
1759;0;0;0;0;0;607;608;589
1760;0;0;0;0;0;605;605;586
1761;0;0;0;0;0;601;600;581
1762;0;0;0;0;0;598;596;577
1763;0;0;0;0;0;595;593;574
1764;0;0;0;0;0;592;589;571
1765;0;0;0;0;0;589;585;567
1766;0;0;0;0;0;586;581;561
1767;0;0;0;0;0;583;574;558
1768;0;0;0;0;0;581;570;553
1769;0;0;0;0;0;578;564;549
1770;0;0;0;0;0;572;561;545
1771;0;0;0;0;0;567;558;539
1772;0;0;0;0;0;563;554;536
1773;0;0;0;0;0;558;551;533
1774;0;0;0;0;0;555;545;530
1775;0;0;0;0;0;551;542;526
1776;0;0;0;0;0;547;539;523
1777;0;0;0;0;0;543;536;519
1778;0;0;0;0;0;539;533;516
1779;0;0;0;0;0;537;530;512
1780;0;0;0;0;0;535;525;509
1781;0;0;0;0;0;532;519;506
1782;0;0;0;0;0;527;516;503
1783;0;0;0;0;0;521;513;500
1784;0;0;0;0;0;515;510;497
1785;0;0;0;0;0;511;507;494
1786;0;0;0;0;0;505;504;491
1787;0;0;0;0;0;499;501;488
1788;0;0;0;0;0;493;499;485
1789;0;0;0;0;0;488;495;482
1790;0;0;0;0;0;483;491;479
1791;0;0;0;0;0;479;488;476
1792;0;0;0;0;0;475;483;473
1793;0;0;0;0;0;471;480;470
1794;0;0;0;0;0;469;477;467
1795;0;0;0;0;0;466;474;464
1796;0;0;0;0;0;462;468;461
1797;0;0;0;0;0;458;464;456
1798;0;0;0;0;0;455;460;452
1799;0;0;0;0;0;452;457;449
1800;0;0;0;0;0;448;455;446
1801;0;0;0;0;0;444;452;443
1802;0;0;0;0;0;438;449;440
1803;0;0;0;0;0;434;446;437
1804;0;0;0;0;0;431;443;434
1805;0;0;0;0;0;429;439;430
1806;0;0;0;0;0;421;435;427
1807;0;0;0;0;0;417;432;425
1808;0;0;0;0;0;414;428;422
1809;0;0;0;0;0;411;422;419
1810;0;0;0;0;0;407;418;416
1811;0;0;0;0;0;403;414;412
1812;0;0;0;0;0;400;412;409
1813;0;0;0;0;0;395;408;406
1814;0;0;0;0;0;390;401;403
1815;0;0;0;0;0;386;398;400
1816;0;0;0;0;0;382;394;397
1817;0;0;0;0;0;380;390;394
1818;0;0;0;0;0;377;386;390
1819;0;0;0;0;0;374;381;388
1820;0;0;0;0;0;369;378;385
1821;0;0;0;0;0;366;375;381
1822;0;0;0;0;0;362;372;378
1823;0;0;0;0;0;356;365;375
1824;0;0;0;0;0;351;363;372
1825;0;0;0;0;0;346;361;369
1826;0;0;0;0;0;340;358;366
1827;0;0;0;0;0;336;355;363
1828;0;0;0;0;0;332;352;360
1829;0;0;0;0;0;325;348;356
1830;0;0;0;0;0;321;346;353
1831;0;0;0;0;0;317;342;350
1832;0;0;0;0;0;309;339;347
1833;0;0;0;0;0;304;336;343
1834;0;0;0;0;0;300;333;339
1835;0;0;0;0;0;297;330;335
1836;0;0;0;0;0;294;327;331
1837;0;0;0;0;0;292;321;325
1838;0;0;0;0;0;288;318;322
1839;0;0;0;0;0;284;316;317
1840;0;0;0;0;0;279;311;314
1841;0;0;0;0;0;276;305;310
1842;0;0;0;0;0;273;301;307
1843;0;0;0;0;0;269;298;303
1844;0;0;0;0;0;265;296;300
1845;0;0;0;0;0;262;291;297
1846;0;0;0;0;0;260;286;294
1847;0;0;0;0;0;258;282;291
1848;0;0;0;0;0;255;279;288
1849;0;0;0;0;0;250;277;285
1850;0;0;0;0;0;249;273;282
1851;0;0;0;0;0;247;269;279
1852;0;0;0;0;0;244;266;276
1853;0;0;0;0;0;242;262;273
1854;0;0;0;0;0;238;256;270
1855;0;0;0;0;0;234;253;267
1856;0;0;0;0;0;231;250;263
1857;0;0;0;0;0;223;248;260
1858;0;0;0;0;0;222;242;257
1859;0;0;0;0;0;219;240;254
1860;0;0;0;0;0;215;237;251
1861;0;0;0;0;0;213;234;248
1862;0;0;0;0;0;210;231;245
1863;0;0;0;0;0;208;228;242
1864;0;0;0;0;0;205;225;239
1865;0;0;0;0;0;202;222;236
1866;0;0;0;0;0;199;219;233
1867;0;0;0;0;0;196;215;229
1868;0;0;0;0;0;193;211;225
1869;0;0;0;0;0;187;206;222
1870;0;0;0;0;0;180;202;217
1871;0;0;0;0;0;175;198;214
1872;0;0;0;0;0;171;196;210
1873;0;0;0;0;0;167;191;206
1874;0;0;0;0;0;163;188;203
1875;0;0;0;0;0;160;185;198
1876;0;0;0;0;0;156;182;195
1877;0;0;0;0;0;154;179;192
1878;0;0;0;0;0;151;175;190
1879;0;0;0;0;0;148;173;186
1880;0;0;0;0;0;144;170;182
1881;0;0;0;0;0;136;167;178
1882;0;0;0;0;0;133;164;174
1883;0;0;0;0;0;130;161;169
1884;0;0;0;0;0;126;158;166
1885;0;0;0;0;0;120;155;163
1886;0;0;0;0;0;117;152;160
1887;0;0;0;0;0;112;149;157
1888;0;0;0;0;0;110;146;154
1889;0;0;0;0;0;107;143;151
1890;0;0;0;0;0;105;140;148
1891;0;0;0;0;0;102;137;145
1892;0;0;0;0;0;100;134;142
1893;0;0;0;0;0;97;131;139
1894;0;0;0;0;0;93;128;136
1895;0;0;0;0;0;88;125;133
1896;0;0;0;0;0;85;122;129
1897;0;0;0;0;0;80;119;126
1898;0;0;0;0;0;77;116;123
1899;0;0;0;0;0;75;113;120
1900;0;0;0;0;0;71;110;117
1901;0;0;0;0;0;67;107;114
1902;0;0;0;0;0;65;104;111
1903;0;0;0;0;0;63;100;108
1904;0;0;0;0;0;60;97;105
1905;0;0;0;0;0;57;94;102
1906;0;0;0;0;0;54;91;99
1907;0;0;0;0;0;51;88;96
1908;0;0;0;0;0;49;85;93
1909;0;0;0;0;0;46;82;90
1910;0;0;0;0;0;43;79;87
1911;0;0;0;0;0;40;76;84
1912;0;0;0;0;0;37;73;81
1913;0;0;0;0;0;34;70;78
1914;0;0;0;0;0;31;66;73
1915;0;0;0;0;0;29;64;70
1916;0;0;0;0;0;26;61;64
1917;0;0;0;0;0;23;58;61
1918;0;0;0;0;0;20;55;57
1919;0;0;0;0;0;17;52;52
1920;0;0;0;0;0;14;49;49
1921;0;0;0;0;0;11;46;44
1922;0;0;0;0;0;8;43;40
1923;0;0;0;0;0;5;39;37
1924;0;0;0;0;0;3;36;35
1925;0;0;0;0;0;0;33;31
1926;0;0;0;0;0;0;30;28
1927;0;0;0;0;0;0;27;24
1928;0;0;0;0;0;0;24;21
1929;0;0;0;0;0;0;21;18
1930;0;0;0;0;0;0;18;16
1931;0;0;0;0;0;0;15;12
1932;0;0;0;0;0;0;12;9
1933;0;0;0;0;0;0;9;6
1934;0;0;0;0;0;0;6;3
1935;0;0;0;0;0;0;3;0
1936;0;0;0;0;0;0;0;0
1937;0;0;0;0;0;0;0;0
1938;0;0;0;0;0;0;0;0
1939;0;0;0;0;0;0;0;0
1940;0;0;0;0;0;0;0;0
1941;0;0;0;0;0;0;0;0
1942;0;0;0;0;0;0;0;0
1943;0;0;0;0;0;0;0;0
1944;0;0;0;0;0;0;0;0
1945;0;0;0;0;0;0;0;0
1946;0;0;0;0;0;0;0;0
1947;0;0;0;0;0;0;0;0
1948;0;0;0;0;0;0;0;0
1949;0;0;0;0;0;0;0;0
1950;0;0;0;0;0;0;0;0
1951;0;0;0;0;0;0;0;0
1952;0;0;0;0;0;0;0;0
1953;0;0;0;0;0;0;0;0
1954;0;0;0;0;0;0;0;0
1955;0;0;0;0;0;0;0;0
1956;0;0;0;0;0;0;0;0
1957;0;0;0;0;0;0;0;0
1958;0;0;0;0;0;0;0;0
1959;0;0;0;0;0;0;0;0
1960;0;0;0;0;0;0;0;0
1961;0;0;0;0;0;0;0;0
1962;0;0;0;0;0;0;0;0
1963;0;0;0;0;0;0;0;0
1964;0;0;0;0;0;0;0;0
1965;0;0;0;0;0;0;0;0
1966;0;0;0;0;0;0;0;0
1967;0;0;0;0;0;0;0;0
1968;0;0;0;0;0;0;0;0
1969;0;0;0;0;0;0;0;0
1970;0;0;0;0;0;0;0;0
1971;0;0;0;0;0;0;0;0
1972;0;0;0;0;0;0;0;0
1973;0;0;0;0;0;0;0;0
1974;0;0;0;0;0;0;0;0
1975;0;0;0;0;0;0;0;0
1976;0;0;0;0;0;0;0;0
1977;0;0;0;0;0;0;0;0
1978;0;0;0;0;0;0;0;0
1979;0;0;0;0;0;0;0;0
1980;0;0;0;0;0;0;0;0
1981;0;0;0;0;0;0;0;0
1982;0;0;0;0;0;0;0;0
1983;0;0;0;0;0;0;0;0
1984;0;0;0;0;0;0;0;0
1985;0;0;0;0;0;0;0;0
1986;0;0;0;0;0;0;0;0
1987;0;0;0;0;0;0;0;0
1988;0;0;0;0;0;0;0;0
1989;0;0;0;0;0;0;0;0
1990;0;0;0;0;0;0;0;0
1991;0;0;0;0;0;0;0;0
1992;0;0;0;0;0;0;0;0
1993;0;0;0;0;0;0;0;0
1994;0;0;0;0;0;0;0;0
1995;0;0;0;0;0;0;0;0
1996;0;0;0;0;0;0;0;0
1997;0;0;0;0;0;0;0;0
1998;0;0;0;0;0;0;0;0
1999;0;0;0;0;0;0;0;0
2000;0;0;0;0;0;0;0;0
2001;0;0;0;0;0;0;0;0
2002;0;0;0;0;0;0;0;0
2003;0;0;0;0;0;0;0;0
2004;0;0;0;0;0;0;0;0
2005;0;0;0;0;0;0;0;0
2006;0;0;0;0;0;0;0;0
2007;0;0;0;0;0;0;0;0
2008;0;0;0;0;0;0;0;0
2009;0;0;0;0;0;0;0;0
2010;0;0;0;0;0;0;0;0
2011;0;0;0;0;0;0;0;0
2012;0;0;0;0;0;0;0;0
2013;0;0;0;0;0;0;0;0
2014;0;0;0;0;0;0;0;0
2015;0;0;0;0;0;0;0;0
2016;0;0;0;0;0;0;0;0
2017;0;0;0;0;0;0;0;0
2018;0;0;0;0;0;0;0;0
2019;0;0;0;0;0;0;0;0
2020;0;0;0;0;0;0;0;0
2021;0;0;0;0;0;0;0;0
2022;0;0;0;0;0;0;0;0
2023;0;0;0;0;0;0;0;0
2024;0;0;0;0;0;0;0;0
2025;0;0;0;0;0;0;0;0
2026;0;0;0;0;0;0;0;0
2027;0;0;0;0;0;0;0;0
2028;0;0;0;0;0;0;0;0
2029;0;0;0;0;0;0;0;0
2030;0;0;0;0;0;0;0;0
2031;0;0;0;0;0;0;0;0
2032;0;0;0;0;0;0;0;0
2033;0;0;0;0;0;0;0;0
2034;0;0;0;0;0;0;0;0
2035;0;0;0;0;0;0;0;0
2036;0;0;0;0;0;0;0;0
2037;0;0;0;0;0;0;0;0
2038;0;0;0;0;0;0;0;0
2039;0;0;0;0;0;0;0;0
2040;0;0;0;0;0;0;0;0
2041;0;0;0;0;0;0;0;0
2042;0;0;0;0;0;0;0;0
2043;0;0;0;0;0;0;0;0
2044;0;0;0;0;0;0;0;0
2045;0;0;0;0;0;0;0;0
2046;0;0;0;0;0;0;0;0
2047;0;0;0;0;0;0;0;0
2048;0;0;0;0;0;0;0;0
2049;0;0;0;0;0;0;0;0
2050;0;0;0;0;0;0;0;0
2051;0;0;0;0;0;0;0;0
2052;0;0;0;0;0;0;0;0
2053;0;0;0;0;0;0;0;0
2054;0;0;0;0;0;0;0;0
2055;0;0;0;0;0;0;0;0
2056;0;0;0;0;0;0;0;0
2057;0;0;0;0;0;0;0;0
2058;0;0;0;0;0;0;0;0
2059;0;0;0;0;0;0;0;0
2060;0;0;0;0;0;0;0;0
2061;0;0;0;0;0;0;0;0
2062;0;0;0;0;0;0;0;0
2063;0;0;0;0;0;0;0;0
2064;0;0;0;0;0;0;0;0
2065;0;0;0;0;0;0;0;0
2066;0;0;0;0;0;0;0;0
2067;0;0;0;0;0;0;0;0
2068;0;0;0;0;0;0;0;0
2069;0;0;0;0;0;0;0;0
2070;0;0;0;0;0;0;0;0
2071;0;0;0;0;0;0;0;0
2072;0;0;0;0;0;0;0;0
2073;0;0;0;0;0;0;0;0
2074;0;0;0;0;0;0;0;0
2075;0;0;0;0;0;0;0;0
2076;0;0;0;0;0;0;0;0
2077;0;0;0;0;0;0;0;0
2078;0;0;0;0;0;0;0;0
2079;0;0;0;0;0;0;0;0
2080;0;0;0;0;0;0;0;0
2081;0;0;0;0;0;0;0;0
2082;0;0;0;0;0;0;0;0
2083;0;0;0;0;0;0;0;0
2084;0;0;0;0;0;0;0;0
2085;0;0;0;0;0;0;0;0
2086;0;0;0;0;0;0;0;0
2087;0;0;0;0;0;0;0;0
2088;0;0;0;0;0;0;0;0
2089;0;0;0;0;0;0;0;0
2090;0;0;0;0;0;0;0;0
2091;0;0;0;0;0;0;0;0
2092;0;0;0;0;0;0;0;0
2093;0;0;0;0;0;0;0;0
2094;0;0;0;0;0;0;0;0
2095;0;0;0;0;0;0;0;0
2096;0;0;0;0;0;0;0;0
2097;0;0;0;0;0;0;0;0
2098;0;0;0;0;0;0;0;0
2099;0;0;0;0;0;0;0;0
2100;0;0;0;0;0;0;0;0
2101;0;0;0;0;0;0;0;0
2102;0;0;0;0;0;0;0;0
2103;0;0;0;0;0;0;0;0
2104;0;0;0;0;0;0;0;0
2105;0;0;0;0;0;0;0;0
2106;0;0;0;0;0;0;0;0
2107;0;0;0;0;0;0;0;0
2108;0;0;0;0;0;0;0;0
2109;0;0;0;0;0;0;0;0
2110;0;0;0;0;0;0;0;0
2111;0;0;0;0;0;0;0;0
2112;0;0;0;0;0;0;0;0
2113;0;0;0;0;0;0;0;0
2114;0;0;0;0;0;0;0;0
2115;0;0;0;0;0;0;0;0
2116;0;0;0;0;0;0;0;0
2117;0;0;0;0;0;0;0;0
